trip_id,car_name,vehicle_type,fuel_type,trip_category,distance_km,trip_duration_hr,avg_speed_kmph,base_mileage_kmpl,actual_mileage_kmpl,mileage_delta_kmpl,fuel_consumed_L,fuel_cost_usd,cost_per_km_usd,co2_emissions_kg,co2_per_km,relative_efficiency,efficiency_band
1,Lexus ES,Luxury,Diesel,Very Long (>400 km),437.85,4.84,90.51,11.31,11.24,-0.07,38.96,44.59,0.1018,104.413,0.2385,0.5979,Average
2,Lexus ES,Luxury,Petrol,Medium (50–200 km),181.86,3.54,51.43,9.98,9.61,-0.37,18.92,23.93,0.1316,43.705,0.2403,0.5113,Poor
3,Audi A6,Luxury,Petrol,Medium (50–200 km),118.07,1.46,80.62,11.06,11.24,0.18,10.5,13.28,0.1125,24.255,0.2054,0.5982,Average
4,Maruti Swift,Hatchback,Diesel,Long (200–400 km),343.16,4.72,72.65,21.17,19.65,-1.52,17.46,19.98,0.0582,46.793,0.1364,0.7181,Average
5,Hyundai Creta,SUV,Diesel,Long (200–400 km),371.03,3.87,95.78,13.01,12.39,-0.62,29.95,34.28,0.0924,80.266,0.2163,0.5717,Average
6,BMW 5 Series,Luxury,Petrol,Long (200–400 km),252.85,3.79,66.69,11.5,10.86,-0.64,23.28,29.45,0.1165,53.777,0.2127,0.5778,Average
7,BMW 5 Series,Luxury,Hybrid,Very Long (>400 km),443.63,5.74,77.3,16.92,18.49,1.57,23.99,28.9,0.0651,47.98,0.1082,0.9838,Excellent
8,Hyundai i20,Hatchback,Diesel,Medium (50–200 km),52.15,0.47,110.19,21.61,22.1,0.49,2.36,2.7,0.0518,6.325,0.1213,0.8073,Good
9,Maruti Swift,Hatchback,Hybrid,Very Long (>400 km),491.22,6.46,76.04,20.33,20.28,-0.05,24.22,29.18,0.0594,48.44,0.0986,0.741,Average
10,Maruti Ertiga,MUV,Diesel,Medium (50–200 km),174.16,3.02,57.61,17.71,18.26,0.55,9.54,10.92,0.0627,25.567,0.1468,0.9578,Excellent
11,Tata Harrier,SUV,Hybrid,Medium (50–200 km),197.35,4.52,43.63,16.85,17.37,0.52,11.36,13.69,0.0694,22.72,0.1151,0.8018,Good
12,Hyundai Creta,SUV,Diesel,Medium (50–200 km),199.16,2.2,90.56,12.87,14.01,1.14,14.22,16.28,0.0817,38.11,0.1914,0.6464,Average
13,Honda Brio,Hatchback,Petrol,Long (200–400 km),270.12,3.97,68.02,17.92,17.3,-0.62,15.61,19.75,0.0731,36.059,0.1335,0.6322,Average
14,Mahindra Marazzo,MUV,Petrol,Long (200–400 km),317.83,3.2,99.38,11.06,11.84,0.78,26.84,33.95,0.1068,62.0,0.1951,0.6213,Average
15,Honda Brio,Hatchback,Hybrid,Medium (50–200 km),96.17,1.59,60.66,24.45,23.92,-0.53,4.02,4.84,0.0503,8.04,0.0836,0.874,Good
16,Lexus ES,Luxury,Diesel,Long (200–400 km),279.99,2.78,100.66,13.56,14.1,0.54,19.86,22.73,0.0812,53.225,0.1901,0.75,Good
17,Audi A6,Luxury,Petrol,Medium (50–200 km),108.98,1.24,87.98,10.85,10.12,-0.73,10.77,13.62,0.125,24.879,0.2283,0.5383,Poor
18,Toyota Innova,MUV,Diesel,Long (200–400 km),300.64,5.93,50.69,15.54,15.72,0.18,19.13,21.9,0.0728,51.268,0.1705,0.8245,Good
19,Honda City,Sedan,Diesel,Medium (50–200 km),146.75,1.27,115.13,18.98,18.48,-0.5,7.94,9.09,0.0619,21.279,0.145,0.7294,Average
20,Maruti Alto,Hatchback,Diesel,Long (200–400 km),242.3,3.89,62.28,19.08,18.51,-0.57,13.09,14.98,0.0618,35.081,0.1448,0.6763,Average
21,Skoda Rapid,Sedan,Hybrid,Long (200–400 km),241.53,2.04,118.66,23.44,22.16,-1.28,10.9,13.13,0.0544,21.8,0.0903,0.8744,Good
22,Honda City,Sedan,Petrol,Long (200–400 km),227.53,5.35,42.49,16.74,17.58,0.84,12.94,16.37,0.0719,29.891,0.1314,0.6939,Average
23,Lexus ES,Luxury,Petrol,Long (200–400 km),322.42,2.97,108.65,11.55,10.93,-0.62,29.49,37.31,0.1157,68.122,0.2113,0.5816,Average
24,Honda Brio,Hatchback,Diesel,Long (200–400 km),229.48,2.46,93.34,21.55,23.46,1.91,9.78,11.19,0.0488,26.21,0.1142,0.8573,Good
25,Tata Harrier,SUV,Petrol,Very Long (>400 km),499.47,7.55,66.13,12.88,12.28,-0.6,40.69,51.48,0.1031,93.994,0.1882,0.5665,Average
26,Audi A6,Luxury,Diesel,Medium (50–200 km),135.92,3.14,43.23,10.02,10.2,0.18,13.32,15.25,0.1122,35.698,0.2626,0.5428,Poor
27,Tata Tiago,Hatchback,Hybrid,Very Long (>400 km),427.61,5.9,72.48,20.11,22.28,2.17,19.19,23.12,0.0541,38.38,0.0898,0.8141,Good
28,Maruti Ertiga,MUV,Diesel,Long (200–400 km),358.96,5.55,64.72,14.56,15.72,1.16,22.84,26.14,0.0728,61.211,0.1705,0.8245,Good
29,Toyota Fortuner,SUV,Diesel,Very Long (>400 km),434.93,5.0,86.95,14.25,14.03,-0.22,31.01,35.49,0.0816,83.107,0.1911,0.6473,Average
30,Audi A6,Luxury,Petrol,Long (200–400 km),344.54,6.75,51.07,11.03,10.86,-0.17,31.74,40.15,0.1165,73.319,0.2128,0.5775,Average
31,Kia Seltos,SUV,Hybrid,Medium (50–200 km),184.11,2.24,82.21,19.64,20.85,1.21,8.83,10.64,0.0578,17.66,0.0959,0.9623,Excellent
32,MG Hector,SUV,Petrol,Very Long (>400 km),433.3,5.64,76.89,14.91,13.7,-1.21,31.63,40.01,0.0923,73.065,0.1686,0.6322,Average
33,Tata Harrier,SUV,Hybrid,Long (200–400 km),345.22,4.94,69.85,19.16,17.61,-1.55,19.6,23.61,0.0684,39.2,0.1136,0.8129,Good
34,Audi A6,Luxury,Petrol,Long (200–400 km),354.63,3.86,91.89,8.22,8.6,0.38,41.22,52.15,0.1471,95.218,0.2685,0.4577,Poor
35,MG Hector,SUV,Petrol,Long (200–400 km),218.64,3.88,56.33,13.18,14.51,1.33,15.07,19.06,0.0872,34.812,0.1592,0.6696,Average
36,Hyundai Verna,Sedan,Hybrid,Short (<50 km),29.19,0.29,102.33,21.17,20.7,-0.47,1.41,1.7,0.0582,2.82,0.0966,0.817,Good
37,MG Hector,SUV,Hybrid,Very Long (>400 km),481.24,5.81,82.87,19.19,19.23,0.04,25.02,30.14,0.0626,50.04,0.104,0.8877,Good
38,BMW 5 Series,Luxury,Petrol,Medium (50–200 km),152.97,1.35,113.7,10.34,10.17,-0.17,15.04,19.03,0.1244,34.742,0.2271,0.5411,Poor
39,Renault Triber,MUV,Diesel,Short (<50 km),35.24,0.48,73.87,15.97,17.45,1.48,2.02,2.31,0.0656,5.414,0.1536,0.9153,Excellent
40,Mahindra Marazzo,MUV,Diesel,Medium (50–200 km),121.39,1.11,109.04,14.23,13.21,-1.02,9.19,10.52,0.0867,24.629,0.2029,0.693,Average
41,Hyundai Creta,SUV,Petrol,Very Long (>400 km),498.67,11.76,42.4,14.0,12.97,-1.03,38.45,48.64,0.0975,88.82,0.1781,0.5986,Average
42,Maruti Alto,Hatchback,Hybrid,Medium (50–200 km),186.8,2.5,74.83,24.24,24.74,0.5,7.55,9.1,0.0487,15.1,0.0808,0.9039,Excellent
43,Tata Tiago,Hatchback,Diesel,Long (200–400 km),284.9,2.76,103.15,21.75,22.12,0.37,12.88,14.74,0.0517,34.518,0.1212,0.8081,Good
44,Hyundai Verna,Sedan,Diesel,Medium (50–200 km),148.91,3.1,48.08,17.37,18.61,1.24,8.0,9.16,0.0615,21.44,0.144,0.7345,Average
45,BMW 5 Series,Luxury,Hybrid,Very Long (>400 km),484.53,6.44,75.18,17.91,18.74,0.83,25.85,31.14,0.0643,51.7,0.1067,0.9971,Excellent
46,Toyota Fortuner,SUV,Diesel,Medium (50–200 km),131.6,2.61,50.37,14.52,15.27,0.75,8.62,9.87,0.075,23.102,0.1755,0.7046,Average
47,Maruti Alto,Hatchback,Petrol,Medium (50–200 km),121.04,1.16,104.72,16.51,17.77,1.26,6.81,8.62,0.0712,15.731,0.13,0.6494,Average
48,Skoda Rapid,Sedan,Hybrid,Long (200–400 km),316.27,6.03,52.48,20.12,20.21,0.09,15.65,18.86,0.0596,31.3,0.099,0.7975,Good
49,Skoda Rapid,Sedan,Diesel,Medium (50–200 km),151.35,1.92,79.03,16.56,18.06,1.5,8.38,9.59,0.0634,22.458,0.1484,0.7127,Average
50,Toyota Yaris,Sedan,Petrol,Long (200–400 km),220.93,2.88,76.67,16.58,15.86,-0.72,13.93,17.62,0.0798,32.178,0.1456,0.6259,Average
51,Honda City,Sedan,Hybrid,Very Long (>400 km),433.86,6.66,65.11,24.94,24.75,-0.19,17.53,21.12,0.0487,35.06,0.0808,0.9767,Excellent
52,Jaguar XF,Luxury,Petrol,Short (<50 km),27.6,0.34,81.82,11.06,11.13,0.07,2.48,3.14,0.1138,5.729,0.2076,0.592,Average
53,Tata Tiago,Hatchback,Hybrid,Long (200–400 km),335.88,6.8,49.36,22.8,21.5,-1.3,15.62,18.82,0.056,31.24,0.093,0.7856,Good
54,Kia Carens,MUV,Petrol,Very Long (>400 km),447.14,4.24,105.43,14.05,14.02,-0.03,31.89,40.34,0.0902,73.666,0.1647,0.7356,Average
55,Jaguar XF,Luxury,Petrol,Very Long (>400 km),485.71,4.24,114.59,10.05,9.59,-0.46,50.66,64.09,0.132,117.025,0.2409,0.51,Poor
56,MG Hector,SUV,Diesel,Medium (50–200 km),99.35,0.92,108.34,12.53,12.54,0.01,7.92,9.07,0.0913,21.226,0.2136,0.5789,Average
57,Honda City,Sedan,Diesel,Long (200–400 km),397.11,6.59,60.22,18.02,16.57,-1.45,23.97,27.44,0.0691,64.24,0.1618,0.6538,Average
58,Toyota Fortuner,SUV,Petrol,Very Long (>400 km),402.04,7.44,54.01,13.65,13.19,-0.46,30.48,38.56,0.0959,70.409,0.1751,0.6088,Average
59,Hyundai i20,Hatchback,Hybrid,Long (200–400 km),270.54,3.11,87.11,21.09,20.08,-1.01,13.47,16.23,0.06,26.94,0.0996,0.7338,Average
60,BMW 5 Series,Luxury,Hybrid,Long (200–400 km),321.12,3.21,100.02,15.6,16.77,1.17,19.15,23.07,0.0718,38.3,0.1193,0.8921,Good
61,Maruti Swift,Hatchback,Petrol,Medium (50–200 km),161.1,2.73,58.97,16.76,15.37,-1.39,10.48,13.26,0.0823,24.209,0.1503,0.5616,Average
62,Toyota Fortuner,SUV,Diesel,Long (200–400 km),244.67,3.17,77.3,15.14,14.39,-0.75,17.0,19.46,0.0795,45.56,0.1862,0.6642,Average
63,Honda City,Sedan,Diesel,Long (200–400 km),357.96,3.12,114.81,17.15,17.59,0.44,20.35,23.29,0.0651,54.538,0.1524,0.6942,Average
64,Toyota Yaris,Sedan,Petrol,Short (<50 km),41.82,0.46,91.73,16.37,17.35,0.98,2.41,3.05,0.0729,5.567,0.1331,0.6848,Average
65,Honda Brio,Hatchback,Diesel,Short (<50 km),44.12,1.03,42.79,21.09,20.91,-0.18,2.11,2.42,0.0549,5.655,0.1282,0.7639,Good
66,Toyota Innova,MUV,Petrol,Very Long (>400 km),402.08,4.01,100.3,14.36,15.22,0.86,26.41,33.41,0.0831,61.007,0.1517,0.7987,Good
67,Toyota Innova,MUV,Petrol,Long (200–400 km),311.99,4.99,62.48,14.09,15.08,0.99,20.69,26.17,0.0839,47.794,0.1532,0.7911,Good
68,Tata Tiago,Hatchback,Hybrid,Long (200–400 km),380.37,7.6,50.04,24.01,22.76,-1.25,16.71,20.13,0.0529,33.42,0.0879,0.8316,Good
69,Hyundai Verna,Sedan,Petrol,Medium (50–200 km),172.66,1.73,99.95,17.28,17.53,0.25,9.85,12.46,0.0722,22.754,0.1318,0.6917,Average
70,Tata Tiago,Hatchback,Petrol,Medium (50–200 km),160.41,2.41,66.58,16.17,16.87,0.7,9.51,12.03,0.075,21.968,0.1369,0.6162,Average
71,Hyundai Creta,SUV,Hybrid,Long (200–400 km),333.62,6.02,55.38,16.33,17.02,0.69,19.6,23.61,0.0708,39.2,0.1175,0.7856,Good
72,Mercedes C-Class,Luxury,Hybrid,Very Long (>400 km),458.21,6.82,67.18,15.04,15.17,0.13,30.2,36.39,0.0794,60.4,0.1318,0.8072,Good
73,Skoda Rapid,Sedan,Petrol,Very Long (>400 km),495.25,7.63,64.95,16.53,17.08,0.55,29.0,36.69,0.0741,66.99,0.1353,0.6739,Average
74,Hyundai Creta,SUV,Petrol,Very Long (>400 km),469.03,8.55,54.86,10.44,10.72,0.28,43.76,55.36,0.118,101.086,0.2155,0.4947,Poor
75,Toyota Innova,MUV,Diesel,Medium (50–200 km),135.19,1.4,96.81,13.31,13.94,0.63,9.7,11.1,0.0821,25.996,0.1923,0.7312,Average
76,Audi A6,Luxury,Petrol,Medium (50–200 km),138.4,1.78,77.68,11.65,11.29,-0.36,12.26,15.51,0.1121,28.321,0.2046,0.6005,Average
77,Toyota Yaris,Sedan,Diesel,Medium (50–200 km),75.1,0.65,115.32,15.89,15.02,-0.87,5.0,5.72,0.0762,13.4,0.1784,0.5927,Average
78,Kia Seltos,SUV,Petrol,Long (200–400 km),364.22,3.36,108.49,13.32,13.71,0.39,26.57,33.61,0.0923,61.377,0.1685,0.6327,Average
79,Toyota Innova,MUV,Petrol,Long (200–400 km),231.23,2.35,98.38,12.18,11.19,-0.99,20.66,26.14,0.113,47.725,0.2064,0.5872,Average
80,Jaguar XF,Luxury,Petrol,Medium (50–200 km),77.55,0.78,98.79,11.45,11.39,-0.06,6.81,8.62,0.1112,15.731,0.2028,0.6058,Average
81,Jaguar XF,Luxury,Hybrid,Long (200–400 km),372.26,4.11,90.58,17.7,17.41,-0.29,21.38,25.76,0.0692,42.76,0.1149,0.9263,Excellent
82,Maruti Ciaz,Sedan,Petrol,Medium (50–200 km),185.1,1.88,98.64,14.78,14.33,-0.45,12.92,16.34,0.0883,29.845,0.1612,0.5654,Average
83,Maruti Ciaz,Sedan,Petrol,Long (200–400 km),217.21,2.56,84.85,17.1,15.72,-1.38,13.82,17.48,0.0805,31.924,0.147,0.6202,Average
84,Kia Seltos,SUV,Petrol,Long (200–400 km),296.89,3.85,77.12,13.9,15.05,1.15,19.73,24.96,0.0841,45.576,0.1535,0.6945,Average
85,BMW 5 Series,Luxury,Diesel,Very Long (>400 km),449.94,4.38,102.68,10.86,10.44,-0.42,43.09,49.32,0.1096,115.481,0.2567,0.5555,Average
86,MG Hector,SUV,Diesel,Medium (50–200 km),69.57,1.29,53.8,15.45,15.26,-0.19,4.56,5.22,0.075,12.221,0.1757,0.7041,Average
87,Mercedes C-Class,Luxury,Petrol,Very Long (>400 km),400.91,9.42,42.54,11.27,10.67,-0.6,37.56,47.52,0.1185,86.764,0.2164,0.5678,Average
88,Honda City,Sedan,Hybrid,Long (200–400 km),352.17,4.6,76.63,18.81,19.9,1.09,17.7,21.33,0.0606,35.4,0.1005,0.7852,Good
89,Hyundai i20,Hatchback,Petrol,Medium (50–200 km),192.42,1.82,105.88,15.69,14.74,-0.95,13.05,16.51,0.0858,30.146,0.1567,0.5387,Poor
90,Hyundai Creta,SUV,Petrol,Medium (50–200 km),177.53,3.13,56.72,13.97,15.24,1.27,11.65,14.74,0.083,26.912,0.1516,0.7033,Average
91,Tata Tiago,Hatchback,Diesel,Medium (50–200 km),126.19,1.79,70.48,21.65,20.39,-1.26,6.19,7.08,0.0561,16.589,0.1315,0.7448,Average
92,Lexus ES,Luxury,Hybrid,Medium (50–200 km),118.04,2.86,41.34,16.69,16.1,-0.59,7.33,8.83,0.0748,14.66,0.1242,0.8567,Good
93,Hyundai Verna,Sedan,Petrol,Short (<50 km),35.68,0.46,78.05,15.1,15.38,0.28,2.32,2.93,0.0821,5.359,0.1502,0.6069,Average
94,Hyundai Creta,SUV,Diesel,Very Long (>400 km),465.49,4.33,107.59,15.88,16.81,0.93,27.69,31.69,0.0681,74.209,0.1594,0.7759,Good
95,Mahindra Marazzo,MUV,Petrol,Short (<50 km),41.14,0.43,95.47,13.05,12.66,-0.39,3.25,4.11,0.0999,7.508,0.1825,0.6641,Average
96,Maruti Ertiga,MUV,Diesel,Very Long (>400 km),420.15,3.99,105.17,16.41,16.05,-0.36,26.18,29.97,0.0713,70.162,0.167,0.842,Good
97,Maruti Swift,Hatchback,Hybrid,Long (200–400 km),233.18,2.33,100.0,21.28,21.14,-0.14,11.03,13.29,0.057,22.06,0.0946,0.7724,Good
98,Jaguar XF,Luxury,Hybrid,Long (200–400 km),287.04,6.78,42.33,14.37,13.29,-1.08,21.6,26.02,0.0906,43.2,0.1505,0.7069,Average
99,Kia Carens,MUV,Petrol,Long (200–400 km),360.86,7.57,47.66,11.88,12.33,0.45,29.27,37.03,0.1026,67.614,0.1874,0.6468,Average
100,Toyota Fortuner,SUV,Hybrid,Very Long (>400 km),421.52,9.58,44.02,19.79,19.93,0.14,21.15,25.48,0.0604,42.3,0.1004,0.9198,Excellent
101,Maruti Ciaz,Sedan,Petrol,Medium (50–200 km),63.86,0.98,65.19,16.15,17.79,1.64,3.59,4.54,0.0711,8.293,0.1299,0.702,Average
102,Mercedes C-Class,Luxury,Petrol,Very Long (>400 km),415.75,8.04,51.71,9.59,9.0,-0.59,46.22,58.47,0.1406,106.768,0.2568,0.4785,Poor
103,Skoda Rapid,Sedan,Petrol,Long (200–400 km),388.7,4.86,80.04,15.16,15.36,0.2,25.31,32.02,0.0824,58.466,0.1504,0.606,Average
104,Skoda Rapid,Sedan,Petrol,Medium (50–200 km),123.3,1.11,110.75,14.54,14.37,-0.17,8.58,10.85,0.088,19.82,0.1607,0.5671,Average
105,Skoda Rapid,Sedan,Hybrid,Medium (50–200 km),175.69,2.99,58.71,22.99,24.4,1.41,7.2,8.67,0.0493,14.4,0.082,0.9629,Excellent
106,Tata Harrier,SUV,Diesel,Long (200–400 km),238.11,2.32,102.42,12.53,11.39,-1.14,20.9,23.92,0.1005,56.012,0.2352,0.5258,Poor
107,Maruti Ertiga,MUV,Petrol,Medium (50–200 km),77.79,0.68,115.08,12.84,13.72,0.88,5.67,7.17,0.0922,13.098,0.1684,0.7198,Average
108,MG Hector,SUV,Petrol,Long (200–400 km),282.3,3.85,73.38,11.11,11.92,0.81,23.68,29.96,0.1061,54.701,0.1938,0.5502,Average
109,Mercedes C-Class,Luxury,Hybrid,Medium (50–200 km),60.38,0.85,71.45,16.54,17.97,1.43,3.36,4.05,0.0671,6.72,0.1113,0.956,Excellent
110,Maruti Alto,Hatchback,Petrol,Medium (50–200 km),181.1,3.92,46.14,18.31,19.33,1.02,9.37,11.85,0.0654,21.645,0.1195,0.7061,Average
111,BMW 5 Series,Luxury,Petrol,Medium (50–200 km),131.11,1.2,109.47,11.79,10.86,-0.93,12.07,15.27,0.1165,27.882,0.2127,0.5779,Average
112,Maruti Ciaz,Sedan,Diesel,Long (200–400 km),221.6,5.43,40.77,15.25,14.23,-1.02,15.57,17.82,0.0804,41.728,0.1883,0.5617,Average
113,Hyundai Creta,SUV,Diesel,Long (200–400 km),397.94,6.17,64.51,15.79,17.38,1.59,22.89,26.2,0.0658,61.345,0.1542,0.8023,Good
114,Maruti Ertiga,MUV,Diesel,Short (<50 km),49.71,0.6,82.83,14.99,14.79,-0.2,3.36,3.85,0.0774,9.005,0.1812,0.7762,Good
115,Mahindra Marazzo,MUV,Diesel,Very Long (>400 km),406.71,7.02,57.95,15.05,15.92,0.87,25.54,29.23,0.0719,68.447,0.1683,0.8354,Good
116,Jaguar XF,Luxury,Petrol,Long (200–400 km),236.03,3.52,67.0,8.36,7.78,-0.58,30.33,38.37,0.1626,70.062,0.2968,0.414,Poor
117,Skoda Rapid,Sedan,Hybrid,Long (200–400 km),384.36,3.91,98.2,18.36,18.42,0.06,20.87,25.14,0.0654,41.74,0.1086,0.7268,Average
118,Kia Carens,MUV,Petrol,Very Long (>400 km),406.61,4.03,100.81,11.87,12.75,0.88,31.9,40.36,0.0993,73.689,0.1812,0.6687,Average
119,Renault Triber,MUV,Petrol,Long (200–400 km),215.7,4.31,50.05,12.07,12.92,0.85,16.69,21.11,0.0979,38.554,0.1787,0.678,Average
120,Maruti Ertiga,MUV,Diesel,Medium (50–200 km),112.85,1.24,91.32,14.96,15.72,0.76,7.18,8.22,0.0728,19.242,0.1705,0.8246,Good
121,Toyota Innova,MUV,Diesel,Medium (50–200 km),130.4,1.79,72.9,14.56,15.36,0.8,8.49,9.72,0.0745,22.753,0.1745,0.8058,Good
122,Hyundai i20,Hatchback,Petrol,Long (200–400 km),210.56,4.01,52.51,17.73,16.93,-0.8,12.44,15.74,0.0748,28.736,0.1365,0.6184,Average
123,Lexus ES,Luxury,Diesel,Very Long (>400 km),495.08,11.68,42.4,12.69,12.83,0.14,38.6,44.18,0.0892,103.448,0.209,0.6823,Average
124,Mahindra Marazzo,MUV,Petrol,Long (200–400 km),297.35,2.72,109.29,11.68,12.19,0.51,24.39,30.85,0.1037,56.341,0.1895,0.6396,Average
125,Mercedes C-Class,Luxury,Diesel,Long (200–400 km),225.19,3.39,66.42,11.74,11.59,-0.15,19.43,22.24,0.0988,52.072,0.2312,0.6166,Average
126,BMW 5 Series,Luxury,Hybrid,Medium (50–200 km),82.0,1.71,47.96,16.13,15.8,-0.33,5.19,6.25,0.0762,10.38,0.1266,0.8405,Good
127,Maruti Ciaz,Sedan,Hybrid,Very Long (>400 km),496.14,7.81,63.53,21.3,22.6,1.3,21.95,26.45,0.0533,43.9,0.0885,0.892,Good
128,Skoda Rapid,Sedan,Hybrid,Medium (50–200 km),69.36,1.39,50.08,19.77,18.06,-1.71,3.84,4.63,0.0668,7.68,0.1107,0.7128,Average
129,MG Hector,SUV,Hybrid,Medium (50–200 km),92.85,0.84,111.17,19.23,17.65,-1.58,5.26,6.34,0.0683,10.52,0.1133,0.8147,Good
130,Maruti Alto,Hatchback,Diesel,Medium (50–200 km),152.44,1.5,101.49,20.3,21.47,1.17,7.1,8.13,0.0533,19.028,0.1248,0.7844,Good
131,Kia Carens,MUV,Diesel,Long (200–400 km),337.35,3.66,92.18,14.17,14.91,0.74,22.63,25.9,0.0768,60.648,0.1798,0.7821,Good
132,Mercedes C-Class,Luxury,Diesel,Short (<50 km),41.6,0.42,98.73,10.49,10.83,0.34,3.84,4.4,0.1058,10.291,0.2474,0.5763,Average
133,Honda City,Sedan,Petrol,Long (200–400 km),243.36,5.92,41.09,17.64,19.25,1.61,12.64,15.99,0.0657,29.198,0.12,0.7598,Good
134,Honda City,Sedan,Hybrid,Long (200–400 km),342.97,3.5,97.94,22.42,22.46,0.04,15.27,18.4,0.0536,30.54,0.089,0.8863,Good
135,Hyundai Verna,Sedan,Hybrid,Short (<50 km),44.2,0.4,111.23,23.64,23.26,-0.38,1.9,2.29,0.0518,3.8,0.086,0.918,Excellent
136,Mercedes C-Class,Luxury,Hybrid,Long (200–400 km),282.41,2.63,107.19,15.0,16.21,1.21,17.42,20.99,0.0743,34.84,0.1234,0.8624,Good
137,Skoda Rapid,Sedan,Diesel,Very Long (>400 km),495.9,5.05,98.15,17.03,16.12,-0.91,30.77,35.22,0.071,82.464,0.1663,0.636,Average
138,Lexus ES,Luxury,Petrol,Long (200–400 km),346.22,2.99,115.67,9.23,9.63,0.4,35.97,45.5,0.1314,83.091,0.24,0.512,Poor
139,Lexus ES,Luxury,Hybrid,Long (200–400 km),337.68,3.72,90.7,12.49,12.26,-0.23,27.54,33.18,0.0983,55.08,0.1631,0.6523,Average
140,Kia Carens,MUV,Diesel,Medium (50–200 km),184.51,3.63,50.77,17.51,19.06,1.55,9.68,11.08,0.0601,25.942,0.1406,1.0,Excellent
141,Hyundai i20,Hatchback,Diesel,Medium (50–200 km),172.77,1.55,111.54,21.67,21.07,-0.6,8.2,9.39,0.0543,21.976,0.1272,0.7698,Good
142,Hyundai Creta,SUV,Diesel,Short (<50 km),26.54,0.4,65.82,12.47,12.34,-0.13,2.15,2.46,0.0927,5.762,0.2171,0.5697,Average
143,Lexus ES,Luxury,Hybrid,Long (200–400 km),266.94,5.7,46.8,16.94,16.78,-0.16,15.91,19.17,0.0718,31.82,0.1192,0.8926,Good
144,Maruti Ciaz,Sedan,Petrol,Medium (50–200 km),135.34,2.84,47.6,17.94,18.64,0.7,7.26,9.18,0.0678,16.771,0.1239,0.7357,Average
145,Tata Harrier,SUV,Hybrid,Long (200–400 km),275.3,2.51,109.89,19.94,18.14,-1.8,15.18,18.29,0.0664,30.36,0.1103,0.837,Good
146,Toyota Fortuner,SUV,Petrol,Medium (50–200 km),166.76,2.31,72.22,11.6,11.21,-0.39,14.87,18.81,0.1128,34.35,0.206,0.5176,Poor
147,Jaguar XF,Luxury,Hybrid,Medium (50–200 km),81.6,0.95,86.28,14.19,13.67,-0.52,5.97,7.19,0.0881,11.94,0.1463,0.7271,Average
148,Audi A6,Luxury,Petrol,Long (200–400 km),259.98,2.64,98.42,11.22,10.96,-0.26,23.73,30.02,0.1155,54.816,0.2108,0.5828,Average
149,Jaguar XF,Luxury,Petrol,Long (200–400 km),232.66,2.6,89.37,8.1,7.57,-0.53,30.72,38.86,0.167,70.963,0.305,0.4029,Poor
150,Tata Harrier,SUV,Diesel,Long (200–400 km),249.68,2.87,86.85,14.09,13.98,-0.11,17.86,20.44,0.0819,47.865,0.1917,0.6452,Average
151,Mahindra Marazzo,MUV,Diesel,Long (200–400 km),301.08,3.6,83.55,13.29,14.03,0.74,21.46,24.56,0.0816,57.513,0.191,0.7361,Average
152,Hyundai Verna,Sedan,Diesel,Long (200–400 km),259.1,2.72,95.14,19.1,20.1,1.0,12.89,14.75,0.0569,34.545,0.1333,0.7932,Good
153,Tata Tiago,Hatchback,Diesel,Very Long (>400 km),408.76,4.72,86.65,18.62,17.8,-0.82,22.97,26.29,0.0643,61.56,0.1506,0.6501,Average
154,Hyundai Creta,SUV,Hybrid,Long (200–400 km),356.21,3.5,101.64,17.33,17.92,0.59,19.88,23.95,0.0672,39.76,0.1116,0.827,Good
155,Toyota Fortuner,SUV,Petrol,Medium (50–200 km),171.57,3.85,44.55,12.65,12.01,-0.64,14.29,18.08,0.1054,33.01,0.1924,0.5541,Average
156,Maruti Swift,Hatchback,Diesel,Long (200–400 km),344.53,5.34,64.58,20.51,21.06,0.55,16.36,18.73,0.0544,43.845,0.1273,0.7694,Good
157,Hyundai i20,Hatchback,Hybrid,Long (200–400 km),300.58,2.56,117.55,23.95,24.56,0.61,12.24,14.75,0.0491,24.48,0.0814,0.8972,Good
158,Audi A6,Luxury,Hybrid,Long (200–400 km),335.89,2.8,119.82,12.46,12.58,0.12,26.7,32.17,0.0958,53.4,0.159,0.6692,Average
159,Toyota Innova,MUV,Petrol,Long (200–400 km),219.12,3.09,70.98,14.49,14.05,-0.44,15.6,19.73,0.09,36.036,0.1645,0.7369,Average
160,Toyota Innova,MUV,Diesel,Very Long (>400 km),471.44,5.13,91.9,13.31,12.2,-1.11,38.65,44.24,0.0938,103.582,0.2197,0.6399,Average
161,Honda Brio,Hatchback,Diesel,Medium (50–200 km),73.38,0.67,109.45,19.91,20.73,0.82,3.54,4.05,0.0552,9.487,0.1293,0.7573,Good
162,Renault Triber,MUV,Petrol,Long (200–400 km),372.5,6.57,56.71,13.7,15.03,1.33,24.78,31.35,0.0842,57.242,0.1537,0.7886,Good
163,Maruti Swift,Hatchback,Hybrid,Medium (50–200 km),67.33,1.37,49.32,22.98,24.13,1.15,2.79,3.36,0.0499,5.58,0.0829,0.8817,Good
164,Mahindra Marazzo,MUV,Diesel,Long (200–400 km),291.61,2.59,112.64,15.65,15.98,0.33,18.25,20.89,0.0716,48.91,0.1677,0.8383,Good
165,Mahindra Marazzo,MUV,Petrol,Long (200–400 km),227.73,2.6,87.65,11.57,12.63,1.06,18.03,22.81,0.1002,41.649,0.1829,0.6626,Average
166,Maruti Ciaz,Sedan,Hybrid,Long (200–400 km),399.88,3.53,113.26,21.52,22.14,0.62,18.06,21.76,0.0544,36.12,0.0903,0.8738,Good
167,Toyota Yaris,Sedan,Petrol,Medium (50–200 km),79.69,0.72,110.01,13.98,12.77,-1.21,6.24,7.89,0.099,14.414,0.1809,0.504,Poor
168,Audi A6,Luxury,Diesel,Long (200–400 km),267.82,3.1,86.45,12.89,11.86,-1.03,22.59,25.86,0.0966,60.541,0.2261,0.6307,Average
169,Honda Brio,Hatchback,Diesel,Long (200–400 km),397.24,4.44,89.43,19.93,20.57,0.64,19.31,22.1,0.0556,51.751,0.1303,0.7516,Good
170,Audi A6,Luxury,Hybrid,Medium (50–200 km),83.45,1.11,75.19,13.36,12.98,-0.38,6.43,7.75,0.0929,12.86,0.1541,0.6904,Average
171,Audi A6,Luxury,Diesel,Long (200–400 km),240.48,2.4,100.17,10.51,9.72,-0.79,24.74,28.32,0.1178,66.303,0.2757,0.5171,Poor
172,Mahindra Marazzo,MUV,Petrol,Very Long (>400 km),416.64,4.79,87.04,11.79,12.14,0.35,34.31,43.4,0.1042,79.256,0.1902,0.6371,Average
173,Mercedes C-Class,Luxury,Diesel,Long (200–400 km),396.51,4.51,87.89,10.87,11.06,0.19,35.84,41.02,0.1035,96.051,0.2422,0.5886,Average
174,Toyota Innova,MUV,Diesel,Long (200–400 km),294.37,5.37,54.79,14.1,15.46,1.36,19.04,21.79,0.074,51.027,0.1733,0.8111,Good
175,Audi A6,Luxury,Diesel,Medium (50–200 km),128.85,1.38,93.32,11.13,12.16,1.03,10.6,12.13,0.0941,28.408,0.2205,0.6467,Average
176,Audi A6,Luxury,Hybrid,Long (200–400 km),376.3,6.32,59.53,12.98,12.73,-0.25,29.56,35.61,0.0946,59.12,0.1571,0.6772,Average
177,Kia Carens,MUV,Petrol,Long (200–400 km),251.98,3.57,70.62,14.42,13.5,-0.92,18.66,23.61,0.0937,43.105,0.1711,0.7085,Average
178,Kia Carens,MUV,Petrol,Short (<50 km),32.39,0.38,84.26,13.02,12.96,-0.06,2.5,3.16,0.0976,5.775,0.1783,0.6797,Average
179,Toyota Fortuner,SUV,Petrol,Medium (50–200 km),74.5,0.66,113.4,12.79,12.11,-0.68,6.15,7.78,0.1044,14.207,0.1907,0.5591,Average
180,Honda City,Sedan,Petrol,Long (200–400 km),329.87,7.56,43.65,17.51,16.08,-1.43,20.52,25.96,0.0787,47.401,0.1437,0.6344,Average
181,Maruti Swift,Hatchback,Petrol,Medium (50–200 km),80.93,1.62,49.86,19.68,19.6,-0.08,4.13,5.22,0.0645,9.54,0.1179,0.7159,Average
182,Honda Brio,Hatchback,Petrol,Very Long (>400 km),475.51,9.25,51.4,15.3,15.66,0.36,30.36,38.41,0.0808,70.132,0.1475,0.5722,Average
183,Toyota Innova,MUV,Diesel,Short (<50 km),46.6,0.7,66.49,16.36,15.53,-0.83,3.0,3.43,0.0736,8.04,0.1725,0.8149,Good
184,Maruti Swift,Hatchback,Petrol,Medium (50–200 km),67.24,0.58,116.54,15.11,14.81,-0.3,4.54,5.74,0.0854,10.487,0.156,0.5411,Poor
185,Jaguar XF,Luxury,Petrol,Medium (50–200 km),105.94,1.02,103.8,8.68,8.38,-0.3,12.64,15.99,0.1509,29.198,0.2756,0.4459,Poor
186,Jaguar XF,Luxury,Diesel,Medium (50–200 km),54.91,0.88,62.45,11.33,11.68,0.35,4.7,5.38,0.098,12.596,0.2294,0.6215,Average
187,Toyota Fortuner,SUV,Hybrid,Long (200–400 km),349.9,2.99,116.93,19.96,19.08,-0.88,18.34,22.1,0.0632,36.68,0.1048,0.8805,Good
188,Tata Tiago,Hatchback,Petrol,Medium (50–200 km),180.41,1.83,98.47,17.05,17.33,0.28,10.41,13.17,0.073,24.047,0.1333,0.6332,Average
189,Tata Harrier,SUV,Petrol,Medium (50–200 km),52.63,0.97,54.5,14.16,12.96,-1.2,4.06,5.14,0.0977,9.379,0.1782,0.5983,Average
190,Toyota Fortuner,SUV,Diesel,Long (200–400 km),316.93,3.71,85.48,14.61,16.02,1.41,19.78,22.64,0.0714,53.01,0.1673,0.7395,Average
191,Kia Carens,MUV,Diesel,Medium (50–200 km),83.84,1.59,52.7,16.84,15.47,-1.37,5.42,6.2,0.074,14.526,0.1733,0.8115,Good
192,BMW 5 Series,Luxury,Diesel,Long (200–400 km),216.36,3.17,68.35,13.63,14.19,0.56,15.25,17.45,0.0807,40.87,0.1889,0.7548,Good
193,Toyota Fortuner,SUV,Hybrid,Long (200–400 km),305.01,3.54,86.05,17.09,18.33,1.24,16.64,20.05,0.0657,33.28,0.1091,0.846,Good
194,Honda Brio,Hatchback,Hybrid,Medium (50–200 km),127.81,2.81,45.53,22.77,21.37,-1.4,5.98,7.2,0.0563,11.96,0.0936,0.7808,Good
195,MG Hector,SUV,Diesel,Long (200–400 km),355.68,5.35,66.44,13.89,13.24,-0.65,26.86,30.74,0.0864,71.985,0.2024,0.6111,Average
196,Honda Brio,Hatchback,Hybrid,Long (200–400 km),254.33,5.02,50.65,20.98,22.04,1.06,11.54,13.9,0.0547,23.08,0.0907,0.8052,Good
197,Mercedes C-Class,Luxury,Petrol,Medium (50–200 km),158.33,3.91,40.52,10.78,10.79,0.01,14.68,18.57,0.1173,33.911,0.2142,0.5738,Average
198,Honda Brio,Hatchback,Petrol,Medium (50–200 km),172.97,3.58,48.37,18.67,20.16,1.49,8.58,10.85,0.0627,19.82,0.1146,0.7365,Average
199,Audi A6,Luxury,Hybrid,Long (200–400 km),320.33,3.81,84.04,12.37,12.6,0.23,25.43,30.64,0.0957,50.86,0.1588,0.6701,Average
200,Jaguar XF,Luxury,Hybrid,Medium (50–200 km),152.26,1.91,79.56,17.38,18.8,1.42,8.1,9.76,0.0641,16.2,0.1064,1.0,Excellent
201,Toyota Yaris,Sedan,Petrol,Very Long (>400 km),408.88,5.5,74.37,14.58,13.89,-0.69,29.44,37.24,0.0911,68.006,0.1663,0.5481,Poor
202,Tata Harrier,SUV,Petrol,Medium (50–200 km),99.02,1.82,54.49,12.86,12.15,-0.71,8.15,10.31,0.1041,18.827,0.1901,0.5607,Average
203,Toyota Yaris,Sedan,Diesel,Long (200–400 km),302.24,4.08,74.12,17.18,16.79,-0.39,18.0,20.6,0.0682,48.24,0.1596,0.6626,Average
204,Kia Seltos,SUV,Hybrid,Long (200–400 km),268.68,4.7,57.12,18.62,19.46,0.84,13.81,16.64,0.0619,27.62,0.1028,0.8979,Good
205,Renault Triber,MUV,Petrol,Long (200–400 km),331.7,3.55,93.51,14.25,13.45,-0.8,24.67,31.21,0.0941,56.988,0.1718,0.7054,Average
206,Mahindra Marazzo,MUV,Petrol,Long (200–400 km),287.55,2.98,96.56,11.08,10.73,-0.35,26.8,33.9,0.1179,61.908,0.2153,0.5629,Average
207,Toyota Yaris,Sedan,Hybrid,Short (<50 km),29.09,0.29,98.87,22.75,24.24,1.49,1.2,1.45,0.0498,2.4,0.0825,0.9566,Excellent
208,Maruti Swift,Hatchback,Hybrid,Medium (50–200 km),86.06,2.15,40.07,20.25,18.75,-1.5,4.59,5.53,0.0643,9.18,0.1067,0.685,Average
209,Toyota Yaris,Sedan,Petrol,Long (200–400 km),343.95,5.82,59.13,14.05,13.36,-0.69,25.75,32.58,0.0947,59.482,0.1729,0.5271,Poor
210,Renault Triber,MUV,Petrol,Medium (50–200 km),120.65,1.02,118.12,12.25,11.9,-0.35,10.14,12.83,0.1063,23.423,0.1941,0.6242,Average
211,Lexus ES,Luxury,Diesel,Long (200–400 km),387.61,4.07,95.33,11.5,10.52,-0.98,36.86,42.19,0.1088,98.785,0.2549,0.5594,Average
212,Maruti Ertiga,MUV,Petrol,Very Long (>400 km),483.3,6.51,74.25,11.52,11.23,-0.29,43.05,54.46,0.1127,99.446,0.2058,0.589,Average
213,Tata Harrier,SUV,Diesel,Long (200–400 km),329.7,3.31,99.62,12.59,13.3,0.71,24.79,28.37,0.086,66.437,0.2015,0.6138,Average
214,Hyundai Creta,SUV,Hybrid,Medium (50–200 km),197.71,1.98,100.1,17.62,16.33,-1.29,12.11,14.59,0.0738,24.22,0.1225,0.7535,Good
215,Tata Tiago,Hatchback,Hybrid,Long (200–400 km),398.23,3.55,112.26,24.78,25.99,1.21,15.32,18.46,0.0464,30.64,0.0769,0.9497,Excellent
216,MG Hector,SUV,Diesel,Long (200–400 km),253.11,3.02,83.67,13.27,12.23,-1.04,20.7,23.69,0.0936,55.476,0.2192,0.5643,Average
217,Hyundai Creta,SUV,Diesel,Very Long (>400 km),457.67,9.57,47.8,15.06,14.06,-1.0,32.54,37.24,0.0814,87.207,0.1905,0.6491,Average
218,Tata Tiago,Hatchback,Hybrid,Long (200–400 km),265.07,5.34,49.6,22.5,23.37,0.87,11.34,13.66,0.0515,22.68,0.0856,0.854,Good
219,Tata Harrier,SUV,Hybrid,Very Long (>400 km),477.15,7.2,66.31,19.31,18.7,-0.61,25.52,30.75,0.0644,51.04,0.107,0.8629,Good
220,Tata Harrier,SUV,Hybrid,Very Long (>400 km),405.56,3.41,118.93,19.73,19.35,-0.38,20.96,25.25,0.0623,41.92,0.1034,0.893,Good
221,Kia Carens,MUV,Petrol,Short (<50 km),45.74,0.47,97.4,14.49,14.57,0.08,3.14,3.97,0.0868,7.253,0.1586,0.7642,Good
222,Mahindra Marazzo,MUV,Petrol,Long (200–400 km),344.79,3.79,90.88,11.67,11.91,0.24,28.96,36.64,0.1063,66.898,0.194,0.6246,Average
223,BMW 5 Series,Luxury,Petrol,Long (200–400 km),241.23,2.27,106.3,9.23,8.66,-0.57,27.85,35.23,0.146,64.334,0.2667,0.4608,Poor
224,Renault Triber,MUV,Petrol,Long (200–400 km),245.02,2.54,96.45,11.42,10.53,-0.89,23.26,29.43,0.1201,53.731,0.2193,0.5526,Average
225,Hyundai i20,Hatchback,Hybrid,Short (<50 km),42.65,0.36,116.91,23.06,22.21,-0.85,1.92,2.31,0.0542,3.84,0.09,0.8116,Good
226,Mahindra Marazzo,MUV,Petrol,Long (200–400 km),322.22,2.95,109.08,12.08,13.04,0.96,24.71,31.26,0.097,57.08,0.1771,0.6841,Average
227,Lexus ES,Luxury,Diesel,Very Long (>400 km),488.37,7.02,69.53,13.65,14.05,0.4,34.77,39.8,0.0815,93.184,0.1908,0.7472,Average
228,Honda Brio,Hatchback,Petrol,Short (<50 km),35.97,0.72,49.75,17.6,17.9,0.3,2.01,2.54,0.0706,4.643,0.1291,0.6538,Average
229,Toyota Fortuner,SUV,Diesel,Long (200–400 km),338.31,3.86,87.63,13.9,14.14,0.24,23.93,27.39,0.081,64.132,0.1896,0.6525,Average
230,Audi A6,Luxury,Petrol,Very Long (>400 km),449.63,4.15,108.26,11.14,10.77,-0.37,41.76,52.83,0.1175,96.466,0.2145,0.5728,Average
231,Kia Seltos,SUV,Petrol,Very Long (>400 km),466.8,5.03,92.86,11.38,10.85,-0.53,43.02,54.42,0.1166,99.376,0.2129,0.5008,Poor
232,Honda Brio,Hatchback,Hybrid,Very Long (>400 km),461.93,6.83,67.6,24.23,26.59,2.36,17.37,20.93,0.0453,34.74,0.0752,0.9716,Excellent
233,Hyundai i20,Hatchback,Petrol,Short (<50 km),20.11,0.18,113.2,19.31,18.12,-1.19,1.11,1.4,0.0696,2.564,0.1275,0.6619,Average
234,Maruti Ciaz,Sedan,Hybrid,Medium (50–200 km),52.45,0.54,97.92,23.27,21.41,-1.86,2.45,2.95,0.0562,4.9,0.0934,0.8448,Good
235,Maruti Alto,Hatchback,Petrol,Medium (50–200 km),136.24,2.97,45.84,15.6,14.87,-0.73,9.16,11.59,0.0851,21.16,0.1553,0.5434,Poor
236,Maruti Alto,Hatchback,Diesel,Very Long (>400 km),460.56,9.47,48.64,18.44,19.48,1.04,23.64,27.06,0.0588,63.355,0.1376,0.7118,Average
237,Honda City,Sedan,Diesel,Long (200–400 km),208.07,2.0,104.19,16.37,16.92,0.55,12.3,14.08,0.0677,32.964,0.1584,0.6676,Average
238,Mercedes C-Class,Luxury,Hybrid,Very Long (>400 km),441.18,4.33,101.85,16.05,15.52,-0.53,28.42,34.24,0.0776,56.84,0.1288,0.8258,Good
239,Maruti Ciaz,Sedan,Diesel,Very Long (>400 km),407.87,6.21,65.66,17.3,17.09,-0.21,23.87,27.32,0.067,63.972,0.1568,0.6743,Average
240,Honda City,Sedan,Petrol,Very Long (>400 km),431.61,9.03,47.79,17.43,16.74,-0.69,25.78,32.61,0.0756,59.552,0.138,0.6607,Average
241,Hyundai i20,Hatchback,Hybrid,Medium (50–200 km),132.68,1.26,105.51,21.63,22.37,0.74,5.93,7.14,0.0538,11.86,0.0894,0.8174,Good
242,Hyundai Creta,SUV,Diesel,Medium (50–200 km),85.77,1.03,83.01,15.97,17.05,1.08,5.03,5.76,0.0672,13.48,0.1572,0.787,Good
243,Honda Brio,Hatchback,Hybrid,Very Long (>400 km),440.43,3.92,112.42,21.12,21.15,0.03,20.82,25.08,0.0569,41.64,0.0945,0.7729,Good
244,Hyundai i20,Hatchback,Diesel,Medium (50–200 km),162.87,2.55,63.85,18.43,19.12,0.69,8.52,9.75,0.0599,22.834,0.1402,0.6984,Average
245,Tata Tiago,Hatchback,Hybrid,Long (200–400 km),324.76,6.51,49.91,23.92,26.17,2.25,12.41,14.95,0.046,24.82,0.0764,0.9561,Excellent
246,MG Hector,SUV,Diesel,Very Long (>400 km),435.03,8.79,49.49,12.76,13.66,0.9,31.85,36.45,0.0838,85.358,0.1962,0.6304,Average
247,Maruti Alto,Hatchback,Hybrid,Long (200–400 km),231.23,2.94,78.63,23.69,25.13,1.44,9.2,11.08,0.0479,18.4,0.0796,0.9182,Excellent
248,Mahindra Marazzo,MUV,Petrol,Short (<50 km),26.9,0.26,104.24,14.35,13.06,-1.29,2.06,2.61,0.097,4.759,0.1769,0.6851,Average
249,Mercedes C-Class,Luxury,Hybrid,Long (200–400 km),200.99,2.81,71.47,15.02,14.89,-0.13,13.5,16.27,0.0809,27.0,0.1343,0.792,Good
250,Toyota Fortuner,SUV,Diesel,Long (200–400 km),234.66,2.21,106.39,12.67,12.29,-0.38,19.09,21.85,0.0931,51.161,0.218,0.5673,Average
251,Honda Brio,Hatchback,Petrol,Long (200–400 km),212.72,2.06,103.45,15.78,16.71,0.93,12.73,16.1,0.0757,29.406,0.1382,0.6105,Average
252,Honda Brio,Hatchback,Hybrid,Very Long (>400 km),478.71,4.12,116.29,24.75,25.5,0.75,18.77,22.61,0.0472,37.54,0.0784,0.9318,Excellent
253,Mahindra Marazzo,MUV,Petrol,Very Long (>400 km),474.93,9.26,51.3,14.41,13.69,-0.72,34.69,43.88,0.0924,80.134,0.1687,0.7183,Average
254,Honda Brio,Hatchback,Hybrid,Medium (50–200 km),184.44,2.04,90.21,23.1,24.62,1.52,7.49,9.02,0.0489,14.98,0.0812,0.8997,Good
255,Maruti Ciaz,Sedan,Petrol,Very Long (>400 km),416.45,4.35,95.72,17.69,16.31,-1.38,25.54,32.31,0.0776,58.997,0.1417,0.6435,Average
256,Maruti Alto,Hatchback,Petrol,Long (200–400 km),325.11,4.75,68.48,17.81,19.16,1.35,16.97,21.47,0.066,39.201,0.1206,0.6999,Average
257,Skoda Rapid,Sedan,Diesel,Medium (50–200 km),83.49,1.5,55.74,19.07,20.12,1.05,4.15,4.75,0.0569,11.122,0.1332,0.7939,Good
258,Honda City,Sedan,Hybrid,Long (200–400 km),272.52,2.71,100.74,22.5,21.58,-0.92,12.63,15.22,0.0558,25.26,0.0927,0.8515,Good
259,MG Hector,SUV,Diesel,Long (200–400 km),268.3,3.67,73.05,13.89,14.78,0.89,18.15,20.77,0.0774,48.642,0.1813,0.6822,Average
260,Maruti Ertiga,MUV,Diesel,Medium (50–200 km),171.73,3.86,44.46,13.36,13.08,-0.28,13.13,15.03,0.0875,35.188,0.2049,0.6862,Average
261,Toyota Fortuner,SUV,Petrol,Long (200–400 km),281.84,4.98,56.56,11.93,11.83,-0.1,23.82,30.13,0.1069,55.024,0.1952,0.5461,Poor
262,BMW 5 Series,Luxury,Petrol,Medium (50–200 km),137.86,1.31,104.99,8.02,8.28,0.26,16.64,21.05,0.1527,38.438,0.2788,0.4407,Poor
263,Hyundai i20,Hatchback,Petrol,Long (200–400 km),375.95,4.49,83.73,17.85,16.58,-1.27,22.68,28.69,0.0763,52.391,0.1394,0.6056,Average
264,Hyundai Verna,Sedan,Petrol,Medium (50–200 km),99.79,0.88,113.32,17.38,18.01,0.63,5.54,7.01,0.0702,12.797,0.1282,0.7108,Average
265,Maruti Alto,Hatchback,Diesel,Very Long (>400 km),476.99,4.82,99.03,21.04,20.64,-0.4,23.11,26.45,0.0555,61.935,0.1298,0.7541,Good
266,Tata Harrier,SUV,Petrol,Long (200–400 km),243.22,4.18,58.16,11.57,11.03,-0.54,22.05,27.89,0.1147,50.936,0.2094,0.5091,Poor
267,Maruti Ertiga,MUV,Diesel,Medium (50–200 km),145.64,1.62,89.94,15.12,14.18,-0.94,10.27,11.75,0.0807,27.524,0.189,0.744,Average
268,Tata Harrier,SUV,Diesel,Long (200–400 km),293.1,2.9,100.97,15.67,14.75,-0.92,19.87,22.74,0.0776,53.252,0.1817,0.6808,Average
269,Kia Seltos,SUV,Hybrid,Medium (50–200 km),194.36,1.88,103.51,18.98,17.45,-1.53,11.14,13.42,0.069,22.28,0.1146,0.8052,Good
270,Toyota Innova,MUV,Diesel,Short (<50 km),44.61,0.62,72.15,13.21,12.75,-0.46,3.5,4.01,0.0899,9.38,0.2103,0.6687,Average
271,Skoda Rapid,Sedan,Petrol,Medium (50–200 km),109.48,1.1,99.95,15.32,15.18,-0.14,7.21,9.12,0.0833,16.655,0.1521,0.5992,Average
272,Hyundai Verna,Sedan,Diesel,Short (<50 km),32.9,0.47,70.44,16.46,17.88,1.42,1.84,2.11,0.0641,4.931,0.1499,0.7056,Average
273,Maruti Ertiga,MUV,Petrol,Long (200–400 km),225.01,2.88,78.01,12.58,11.65,-0.93,19.31,24.43,0.1086,44.606,0.1982,0.6113,Average
274,Maruti Ertiga,MUV,Petrol,Long (200–400 km),340.03,4.2,80.88,13.83,14.03,0.2,24.24,30.67,0.0902,55.994,0.1647,0.7359,Average
275,Toyota Yaris,Sedan,Diesel,Long (200–400 km),338.39,3.16,107.13,19.89,19.69,-0.2,17.19,19.68,0.0582,46.069,0.1361,0.7768,Good
276,Mahindra Marazzo,MUV,Diesel,Long (200–400 km),256.33,2.67,96.07,16.64,15.54,-1.1,16.5,18.89,0.0737,44.22,0.1725,0.815,Good
277,Toyota Fortuner,SUV,Diesel,Very Long (>400 km),450.75,9.1,49.55,15.75,16.31,0.56,27.64,31.64,0.0702,74.075,0.1643,0.7526,Good
278,Tata Harrier,SUV,Diesel,Medium (50–200 km),112.03,1.33,84.44,14.39,14.15,-0.24,7.92,9.07,0.081,21.226,0.1895,0.6528,Average
279,Kia Carens,MUV,Petrol,Long (200–400 km),392.86,3.64,107.8,14.41,15.38,0.97,25.54,32.31,0.0822,58.997,0.1502,0.807,Good
280,Toyota Fortuner,SUV,Diesel,Long (200–400 km),276.97,3.05,90.83,14.96,15.93,0.97,17.39,19.9,0.0718,46.605,0.1683,0.7351,Average
281,Honda Brio,Hatchback,Diesel,Very Long (>400 km),421.53,4.38,96.35,18.17,16.73,-1.44,25.19,28.83,0.0684,67.509,0.1602,0.6114,Average
282,Mercedes C-Class,Luxury,Hybrid,Very Long (>400 km),466.48,5.67,82.21,13.84,14.54,0.7,32.09,38.66,0.0829,64.18,0.1376,0.7733,Good
283,Maruti Swift,Hatchback,Diesel,Very Long (>400 km),400.11,3.81,104.93,20.9,20.98,0.08,19.07,21.83,0.0546,51.108,0.1277,0.7665,Good
284,Maruti Ertiga,MUV,Diesel,Long (200–400 km),361.65,3.23,111.87,13.83,13.61,-0.22,26.58,30.42,0.0841,71.234,0.197,0.7138,Average
285,Kia Seltos,SUV,Diesel,Long (200–400 km),304.02,5.49,55.36,12.49,12.08,-0.41,25.16,28.8,0.0947,67.429,0.2218,0.5577,Average
286,Hyundai i20,Hatchback,Hybrid,Long (200–400 km),273.76,4.1,66.76,21.24,21.16,-0.08,12.94,15.59,0.0569,25.88,0.0945,0.7729,Good
287,Skoda Rapid,Sedan,Petrol,Medium (50–200 km),60.78,0.81,74.9,17.03,16.52,-0.51,3.68,4.66,0.0767,8.501,0.1399,0.6518,Average
288,Skoda Rapid,Sedan,Petrol,Medium (50–200 km),186.56,1.63,114.63,17.03,15.7,-1.33,11.88,15.03,0.0806,27.443,0.1471,0.6197,Average
289,Honda Brio,Hatchback,Petrol,Long (200–400 km),247.89,3.71,66.91,18.62,17.18,-1.44,14.43,18.25,0.0736,33.333,0.1345,0.6276,Average
290,Hyundai Verna,Sedan,Diesel,Medium (50–200 km),50.29,0.76,65.97,17.76,17.16,-0.6,2.93,3.35,0.0666,7.852,0.1561,0.6773,Average
291,BMW 5 Series,Luxury,Diesel,Long (200–400 km),225.99,4.91,45.99,12.46,13.52,1.06,16.71,19.13,0.0846,44.783,0.1982,0.7195,Average
292,Maruti Ertiga,MUV,Diesel,Long (200–400 km),262.36,2.58,101.5,13.57,14.87,1.3,17.64,20.19,0.077,47.275,0.1802,0.7803,Good
293,Hyundai Verna,Sedan,Petrol,Long (200–400 km),213.11,2.88,74.0,13.6,13.92,0.32,15.31,19.37,0.0909,35.366,0.166,0.5493,Poor
294,Maruti Swift,Hatchback,Petrol,Long (200–400 km),208.77,2.34,89.34,16.25,15.16,-1.09,13.77,17.42,0.0834,31.809,0.1524,0.5539,Average
295,Lexus ES,Luxury,Diesel,Very Long (>400 km),444.71,7.6,58.51,12.62,12.86,0.24,34.58,39.58,0.089,92.674,0.2084,0.6841,Average
296,Hyundai i20,Hatchback,Hybrid,Very Long (>400 km),435.23,4.94,88.06,24.34,23.4,-0.94,18.6,22.41,0.0515,37.2,0.0855,0.8549,Good
297,Kia Carens,MUV,Diesel,Medium (50–200 km),159.22,2.84,56.12,16.15,16.96,0.81,9.39,10.75,0.0675,25.165,0.1581,0.8896,Good
298,Hyundai i20,Hatchback,Diesel,Very Long (>400 km),458.14,5.16,88.83,18.22,18.06,-0.16,25.37,29.04,0.0634,67.992,0.1484,0.6598,Average
299,Mercedes C-Class,Luxury,Hybrid,Long (200–400 km),267.35,5.55,48.19,14.06,13.39,-0.67,19.97,24.06,0.09,39.94,0.1494,0.7122,Average
300,Hyundai Verna,Sedan,Hybrid,Long (200–400 km),200.95,2.28,88.26,23.2,25.34,2.14,7.93,9.55,0.0475,15.86,0.0789,1.0,Excellent
301,Jaguar XF,Luxury,Hybrid,Medium (50–200 km),80.54,0.93,86.54,17.6,16.71,-0.89,4.82,5.81,0.0721,9.64,0.1197,0.8889,Good
302,Mercedes C-Class,Luxury,Petrol,Long (200–400 km),365.23,5.92,61.72,10.59,11.0,0.41,33.21,42.01,0.115,76.715,0.21,0.5851,Average
303,Skoda Rapid,Sedan,Hybrid,Long (200–400 km),344.67,5.38,64.08,22.69,24.22,1.53,14.23,17.14,0.0497,28.46,0.0826,0.9558,Excellent
304,Audi A6,Luxury,Diesel,Long (200–400 km),353.98,3.06,115.54,11.9,10.83,-1.07,32.7,37.43,0.1057,87.636,0.2476,0.5759,Average
305,Audi A6,Luxury,Petrol,Very Long (>400 km),426.69,7.55,56.48,8.59,7.88,-0.71,54.15,68.5,0.1605,125.086,0.2932,0.4192,Poor
306,Lexus ES,Luxury,Hybrid,Medium (50–200 km),172.59,4.24,40.7,14.55,14.9,0.35,11.58,13.95,0.0808,23.16,0.1342,0.7929,Good
307,Maruti Alto,Hatchback,Petrol,Long (200–400 km),206.23,1.94,106.37,17.69,19.1,1.41,10.8,13.66,0.0662,24.948,0.121,0.6976,Average
308,Toyota Yaris,Sedan,Petrol,Long (200–400 km),344.78,4.99,69.07,15.23,14.0,-1.23,24.63,31.16,0.0904,56.895,0.165,0.5524,Average
309,Toyota Innova,MUV,Petrol,Long (200–400 km),387.35,3.39,114.35,12.33,13.1,0.77,29.56,37.4,0.0966,68.284,0.1763,0.6875,Average
310,Honda Brio,Hatchback,Hybrid,Long (200–400 km),211.58,3.56,59.38,23.69,25.19,1.5,8.4,10.12,0.0478,16.8,0.0794,0.9202,Excellent
311,Renault Triber,MUV,Petrol,Very Long (>400 km),488.78,6.96,70.18,13.57,12.8,-0.77,38.19,48.31,0.0988,88.219,0.1805,0.6715,Average
312,Kia Seltos,SUV,Petrol,Long (200–400 km),375.62,4.5,83.41,14.35,13.92,-0.43,26.98,34.13,0.0909,62.324,0.1659,0.6425,Average
313,Toyota Yaris,Sedan,Petrol,Long (200–400 km),311.94,4.13,75.57,15.97,15.22,-0.75,20.49,25.92,0.0831,47.332,0.1517,0.6008,Average
314,Honda City,Sedan,Petrol,Medium (50–200 km),100.65,1.47,68.38,14.45,14.74,0.29,6.83,8.64,0.0858,15.777,0.1568,0.5815,Average
315,Kia Seltos,SUV,Hybrid,Long (200–400 km),306.95,3.29,93.18,17.89,18.18,0.29,16.88,20.34,0.0663,33.76,0.11,0.8392,Good
316,Hyundai i20,Hatchback,Hybrid,Very Long (>400 km),468.31,9.28,50.48,22.05,20.81,-1.24,22.5,27.11,0.0579,45.0,0.0961,0.7604,Good
317,Hyundai Creta,SUV,Hybrid,Long (200–400 km),364.29,4.21,86.57,17.51,16.53,-0.98,22.04,26.55,0.0729,44.08,0.121,0.7628,Good
318,MG Hector,SUV,Diesel,Long (200–400 km),383.33,4.03,95.13,13.54,12.63,-0.91,30.36,34.75,0.0907,81.365,0.2123,0.5827,Average
319,Skoda Rapid,Sedan,Hybrid,Long (200–400 km),283.86,3.87,73.37,20.99,19.51,-1.48,14.55,17.53,0.0618,29.1,0.1025,0.7699,Good
320,Skoda Rapid,Sedan,Hybrid,Short (<50 km),46.21,0.39,117.75,19.11,19.1,-0.01,2.42,2.92,0.0632,4.84,0.1047,0.7535,Good
321,Tata Tiago,Hatchback,Diesel,Medium (50–200 km),166.35,3.0,55.41,21.36,23.07,1.71,7.21,8.25,0.0496,19.323,0.1162,0.8429,Good
322,Kia Carens,MUV,Diesel,Medium (50–200 km),116.68,2.86,40.76,16.9,18.46,1.56,6.32,7.23,0.062,16.938,0.1452,0.9686,Excellent
323,Kia Seltos,SUV,Diesel,Long (200–400 km),239.23,3.61,66.34,15.28,16.79,1.51,14.25,16.31,0.0682,38.19,0.1596,0.7748,Good
324,Maruti Ciaz,Sedan,Diesel,Very Long (>400 km),492.18,11.18,44.01,16.27,17.7,1.43,27.8,31.82,0.0647,74.504,0.1514,0.6987,Average
325,Kia Carens,MUV,Petrol,Long (200–400 km),387.62,8.37,46.34,12.13,13.33,1.2,29.07,36.78,0.0949,67.152,0.1732,0.6995,Average
326,Skoda Rapid,Sedan,Petrol,Long (200–400 km),310.83,4.19,74.27,13.94,15.4,1.46,20.18,25.53,0.0821,46.616,0.15,0.6078,Average
327,Toyota Innova,MUV,Diesel,Long (200–400 km),292.85,2.83,103.36,13.05,11.89,-1.16,24.62,28.18,0.0962,65.982,0.2253,0.624,Average
328,Toyota Innova,MUV,Diesel,Very Long (>400 km),449.09,6.72,66.87,15.55,15.2,-0.35,29.55,33.82,0.0753,79.194,0.1763,0.7973,Good
329,Toyota Innova,MUV,Diesel,Very Long (>400 km),480.26,9.34,51.43,15.74,15.49,-0.25,31.01,35.49,0.0739,83.107,0.173,0.8125,Good
330,Maruti Swift,Hatchback,Petrol,Very Long (>400 km),499.42,11.25,44.4,19.12,18.82,-0.3,26.53,33.56,0.0672,61.284,0.1227,0.6878,Average
331,Honda Brio,Hatchback,Hybrid,Long (200–400 km),265.02,4.37,60.7,23.65,24.56,0.91,10.79,13.0,0.0491,21.58,0.0814,0.8973,Good
332,Audi A6,Luxury,Diesel,Medium (50–200 km),144.18,2.13,67.78,11.21,10.59,-0.62,13.62,15.59,0.1081,36.502,0.2532,0.5632,Average
333,Mercedes C-Class,Luxury,Diesel,Very Long (>400 km),481.16,5.8,83.0,13.75,15.23,1.48,31.59,36.16,0.0752,84.661,0.176,0.8103,Good
334,Maruti Ciaz,Sedan,Hybrid,Long (200–400 km),371.92,3.11,119.63,22.82,23.83,1.01,15.61,18.81,0.0506,31.22,0.0839,0.9402,Excellent
335,MG Hector,SUV,Hybrid,Medium (50–200 km),66.55,1.5,44.46,17.67,19.07,1.4,3.49,4.2,0.0631,6.98,0.1049,0.8801,Good
336,Toyota Innova,MUV,Diesel,Medium (50–200 km),150.4,3.11,48.3,16.02,16.69,0.67,9.01,10.31,0.0686,24.147,0.1606,0.8757,Good
337,Hyundai Verna,Sedan,Petrol,Medium (50–200 km),198.07,1.95,101.77,16.34,17.5,1.16,11.32,14.32,0.0723,26.149,0.132,0.6905,Average
338,Maruti Alto,Hatchback,Petrol,Medium (50–200 km),135.03,3.17,42.59,16.73,17.31,0.58,7.8,9.87,0.0731,18.018,0.1334,0.6325,Average
339,Toyota Fortuner,SUV,Diesel,Very Long (>400 km),408.79,6.92,59.06,15.19,16.08,0.89,25.43,29.11,0.0712,68.152,0.1667,0.7419,Average
340,Tata Tiago,Hatchback,Diesel,Medium (50–200 km),109.0,2.0,54.57,19.04,18.99,-0.05,5.74,6.57,0.0603,15.383,0.1411,0.6938,Average
341,Hyundai Creta,SUV,Diesel,Long (200–400 km),293.22,2.68,109.44,14.62,14.38,-0.24,20.39,23.34,0.0796,54.645,0.1864,0.6637,Average
342,Skoda Rapid,Sedan,Hybrid,Long (200–400 km),239.79,3.35,71.56,20.72,19.31,-1.41,12.42,14.96,0.0624,24.84,0.1036,0.7619,Good
343,MG Hector,SUV,Hybrid,Long (200–400 km),351.26,3.28,107.0,17.75,18.4,0.65,19.09,23.0,0.0655,38.18,0.1087,0.8492,Good
344,Renault Triber,MUV,Diesel,Medium (50–200 km),130.55,2.69,48.51,13.8,12.96,-0.84,10.07,11.53,0.0883,26.988,0.2067,0.6801,Average
345,Maruti Alto,Hatchback,Petrol,Very Long (>400 km),475.29,4.91,96.89,18.74,20.79,2.05,22.86,28.92,0.0608,52.807,0.1111,0.7596,Good
346,Maruti Ertiga,MUV,Diesel,Long (200–400 km),233.46,2.71,86.12,15.57,14.2,-1.37,16.44,18.82,0.0806,44.059,0.1887,0.745,Average
347,Mahindra Marazzo,MUV,Petrol,Long (200–400 km),311.52,6.62,47.09,13.73,13.26,-0.47,23.5,29.73,0.0954,54.285,0.1743,0.6955,Average
348,Maruti Ciaz,Sedan,Diesel,Medium (50–200 km),121.27,1.13,107.33,19.93,22.01,2.08,5.51,6.31,0.052,14.767,0.1218,0.8685,Good
349,Maruti Ciaz,Sedan,Petrol,Very Long (>400 km),470.16,4.99,94.17,15.3,16.57,1.27,28.38,35.9,0.0764,65.558,0.1394,0.6538,Average
350,Lexus ES,Luxury,Petrol,Long (200–400 km),281.5,5.62,50.05,9.39,9.8,0.41,28.71,36.32,0.129,66.32,0.2356,0.5216,Poor
351,Hyundai i20,Hatchback,Diesel,Short (<50 km),23.55,0.29,80.73,21.04,22.64,1.6,1.04,1.19,0.0505,2.787,0.1183,0.8273,Good
352,Mahindra Marazzo,MUV,Diesel,Long (200–400 km),233.31,3.63,64.26,17.77,17.03,-0.74,13.7,15.68,0.0672,36.716,0.1574,0.8934,Good
353,Hyundai Creta,SUV,Hybrid,Long (200–400 km),393.31,3.62,108.67,16.34,15.29,-1.05,25.73,31.0,0.0788,51.46,0.1308,0.7055,Average
354,Hyundai Creta,SUV,Diesel,Short (<50 km),49.23,0.51,96.13,14.75,16.36,1.61,3.01,3.45,0.0701,8.067,0.1639,0.7548,Good
355,Mahindra Marazzo,MUV,Diesel,Very Long (>400 km),435.79,5.77,75.53,14.65,15.8,1.15,27.59,31.58,0.0725,73.941,0.1697,0.8287,Good
356,MG Hector,SUV,Hybrid,Long (200–400 km),368.97,3.87,95.43,19.08,17.39,-1.69,21.22,25.57,0.0693,42.44,0.115,0.8025,Good
357,Maruti Alto,Hatchback,Petrol,Long (200–400 km),275.11,3.59,76.64,18.31,18.7,0.39,14.71,18.61,0.0676,33.98,0.1235,0.6833,Average
358,Lexus ES,Luxury,Hybrid,Long (200–400 km),268.77,2.75,97.78,14.85,15.88,1.03,16.92,20.39,0.0759,33.84,0.1259,0.845,Good
359,Maruti Ciaz,Sedan,Diesel,Short (<50 km),44.56,0.76,58.63,18.57,18.57,0.0,2.4,2.75,0.0617,6.432,0.1443,0.7327,Average
360,Skoda Rapid,Sedan,Diesel,Medium (50–200 km),174.95,2.88,60.65,15.91,16.02,0.11,10.92,12.5,0.0714,29.266,0.1673,0.6322,Average
361,Honda Brio,Hatchback,Petrol,Medium (50–200 km),165.98,1.85,89.69,19.34,20.14,0.8,8.24,10.42,0.0628,19.034,0.1147,0.7359,Average
362,Toyota Innova,MUV,Petrol,Very Long (>400 km),420.48,4.88,86.19,12.75,12.39,-0.36,33.93,42.92,0.1021,78.378,0.1864,0.6502,Average
363,Hyundai Verna,Sedan,Hybrid,Long (200–400 km),326.7,7.02,46.52,19.76,20.02,0.26,16.32,19.66,0.0602,32.64,0.0999,0.79,Good
364,Skoda Rapid,Sedan,Hybrid,Very Long (>400 km),401.61,7.57,53.07,18.93,20.56,1.63,19.53,23.53,0.0586,39.06,0.0973,0.8115,Good
365,Toyota Fortuner,SUV,Diesel,Long (200–400 km),244.29,5.03,48.54,15.51,15.06,-0.45,16.22,18.57,0.076,43.47,0.1779,0.6951,Average
366,Lexus ES,Luxury,Hybrid,Medium (50–200 km),56.13,1.15,48.99,16.97,18.65,1.68,3.01,3.63,0.0647,6.02,0.1073,0.992,Excellent
367,Toyota Yaris,Sedan,Hybrid,Very Long (>400 km),472.63,5.32,88.83,19.82,18.58,-1.24,25.44,30.65,0.0648,50.88,0.1077,0.7331,Average
368,Toyota Yaris,Sedan,Hybrid,Very Long (>400 km),431.94,8.05,53.65,22.01,22.29,0.28,19.38,23.35,0.0541,38.76,0.0897,0.8795,Good
369,Hyundai Creta,SUV,Petrol,Very Long (>400 km),499.14,10.85,46.0,14.65,15.51,0.86,32.18,40.71,0.0816,74.336,0.1489,0.7159,Average
370,Hyundai Verna,Sedan,Hybrid,Very Long (>400 km),442.08,5.45,81.14,18.64,18.5,-0.14,23.9,28.8,0.0651,47.8,0.1081,0.7299,Average
371,Mahindra Marazzo,MUV,Petrol,Long (200–400 km),230.78,5.34,43.2,14.07,14.47,0.4,15.95,20.18,0.0874,36.844,0.1596,0.7591,Good
372,Hyundai Verna,Sedan,Diesel,Short (<50 km),46.45,0.63,74.15,18.51,18.65,0.14,2.49,2.85,0.0614,6.673,0.1437,0.7362,Average
373,Jaguar XF,Luxury,Hybrid,Long (200–400 km),211.02,1.84,114.52,15.85,16.37,0.52,12.89,15.53,0.0736,25.78,0.1222,0.8709,Good
374,Hyundai i20,Hatchback,Hybrid,Long (200–400 km),347.61,3.74,92.98,22.39,21.47,-0.92,16.19,19.51,0.0561,32.38,0.0932,0.7844,Good
375,Mahindra Marazzo,MUV,Diesel,Medium (50–200 km),69.21,1.69,40.95,14.58,15.69,1.11,4.41,5.05,0.073,11.819,0.1708,0.8234,Good
376,Mercedes C-Class,Luxury,Hybrid,Long (200–400 km),341.97,3.24,105.7,14.96,15.77,0.81,21.69,26.13,0.0764,43.38,0.1269,0.8387,Good
377,Tata Harrier,SUV,Diesel,Medium (50–200 km),188.93,2.5,75.69,15.36,14.84,-0.52,12.73,14.57,0.0771,34.116,0.1806,0.685,Average
378,Lexus ES,Luxury,Hybrid,Long (200–400 km),384.82,8.77,43.9,15.79,14.77,-1.02,26.05,31.39,0.0816,52.1,0.1354,0.7859,Good
379,Honda City,Sedan,Petrol,Medium (50–200 km),63.85,0.64,100.53,15.64,15.39,-0.25,4.15,5.25,0.0822,9.586,0.1501,0.6072,Average
380,Kia Carens,MUV,Diesel,Short (<50 km),47.36,0.54,87.02,13.95,13.05,-0.9,3.63,4.15,0.0876,9.728,0.2054,0.6845,Average
381,Kia Carens,MUV,Diesel,Medium (50–200 km),176.83,2.6,67.97,15.86,15.57,-0.29,11.36,13.0,0.0735,30.445,0.1722,0.8166,Good
382,BMW 5 Series,Luxury,Diesel,Long (200–400 km),320.31,3.7,86.46,11.76,11.22,-0.54,28.55,32.68,0.102,76.514,0.2389,0.5968,Average
383,Jaguar XF,Luxury,Diesel,Medium (50–200 km),156.22,1.64,95.51,10.82,11.26,0.44,13.87,15.88,0.1017,37.172,0.2379,0.5992,Average
384,Hyundai i20,Hatchback,Petrol,Long (200–400 km),266.16,3.95,67.46,18.1,18.74,0.64,14.2,17.96,0.0675,32.802,0.1232,0.6848,Average
385,Mercedes C-Class,Luxury,Diesel,Medium (50–200 km),53.98,0.58,92.83,12.47,11.73,-0.74,4.6,5.27,0.0976,12.328,0.2284,0.6243,Average
386,Jaguar XF,Luxury,Hybrid,Long (200–400 km),327.41,5.03,65.13,17.7,16.22,-1.48,20.19,24.33,0.0743,40.38,0.1233,0.8627,Good
387,Mahindra Marazzo,MUV,Petrol,Long (200–400 km),361.87,6.69,54.07,13.32,14.06,0.74,25.73,32.55,0.0899,59.436,0.1642,0.7379,Average
388,Toyota Innova,MUV,Petrol,Short (<50 km),27.03,0.24,113.69,14.66,13.38,-1.28,2.02,2.56,0.0947,4.666,0.1726,0.702,Average
389,Mahindra Marazzo,MUV,Diesel,Long (200–400 km),330.05,5.63,58.63,14.04,15.08,1.04,21.89,25.05,0.0759,58.665,0.1777,0.791,Good
390,Hyundai i20,Hatchback,Diesel,Medium (50–200 km),168.54,2.22,75.84,20.37,20.76,0.39,8.12,9.29,0.0551,21.762,0.1291,0.7583,Good
391,Honda City,Sedan,Hybrid,Medium (50–200 km),190.18,2.23,85.17,20.05,21.08,1.03,9.02,10.87,0.0572,18.04,0.0949,0.832,Good
392,Hyundai Creta,SUV,Hybrid,Medium (50–200 km),69.67,0.75,92.53,19.39,17.96,-1.43,3.88,4.67,0.067,7.76,0.1114,0.8287,Good
393,Renault Triber,MUV,Diesel,Medium (50–200 km),111.31,1.36,81.67,15.26,15.35,0.09,7.25,8.3,0.0746,19.43,0.1746,0.8055,Good
394,Hyundai Creta,SUV,Diesel,Long (200–400 km),295.8,3.64,81.18,12.37,12.34,-0.03,23.97,27.44,0.0928,64.24,0.2172,0.5695,Average
395,Audi A6,Luxury,Hybrid,Long (200–400 km),372.15,3.47,107.2,12.78,12.67,-0.11,29.38,35.4,0.0951,58.76,0.1579,0.6739,Average
396,Maruti Ertiga,MUV,Diesel,Medium (50–200 km),189.95,2.05,92.47,14.18,14.08,-0.1,13.49,15.44,0.0813,36.153,0.1903,0.7387,Average
397,Lexus ES,Luxury,Hybrid,Short (<50 km),38.72,0.51,76.45,12.11,11.22,-0.89,3.45,4.16,0.1074,6.9,0.1782,0.5971,Average
398,Hyundai Creta,SUV,Petrol,Medium (50–200 km),98.54,1.03,95.34,12.12,11.72,-0.4,8.41,10.64,0.108,19.427,0.1971,0.5408,Poor
399,Kia Seltos,SUV,Petrol,Medium (50–200 km),136.94,1.32,103.88,14.93,16.21,1.28,8.45,10.69,0.0781,19.52,0.1425,0.7479,Average
400,MG Hector,SUV,Hybrid,Long (200–400 km),322.7,4.34,74.41,19.55,19.8,0.25,16.3,19.64,0.0609,32.6,0.101,0.9137,Excellent
401,Kia Seltos,SUV,Petrol,Long (200–400 km),235.65,2.04,115.24,13.81,12.66,-1.15,18.61,23.54,0.0999,42.989,0.1824,0.5844,Average
402,Skoda Rapid,Sedan,Petrol,Medium (50–200 km),52.3,0.85,61.44,16.12,14.9,-1.22,3.51,4.44,0.0849,8.108,0.155,0.588,Average
403,Mercedes C-Class,Luxury,Diesel,Short (<50 km),33.5,0.48,70.03,12.88,12.55,-0.33,2.67,3.06,0.0913,7.156,0.2136,0.6675,Average
404,Tata Tiago,Hatchback,Petrol,Long (200–400 km),333.09,4.6,72.42,19.12,18.76,-0.36,17.76,22.47,0.0675,41.026,0.1232,0.6852,Average
405,Jaguar XF,Luxury,Diesel,Very Long (>400 km),413.44,3.45,119.95,13.64,14.47,0.83,28.57,32.7,0.0791,76.568,0.1852,0.7698,Good
406,Renault Triber,MUV,Petrol,Medium (50–200 km),133.66,2.86,46.72,13.65,12.95,-0.7,10.32,13.06,0.0977,23.839,0.1784,0.6795,Average
407,Lexus ES,Luxury,Diesel,Very Long (>400 km),482.89,9.09,53.1,13.95,14.54,0.59,33.22,38.02,0.0787,89.03,0.1844,0.7733,Good
408,Honda City,Sedan,Petrol,Medium (50–200 km),145.12,3.06,47.4,17.08,17.42,0.34,8.33,10.54,0.0726,19.242,0.1326,0.6875,Average
409,Tata Harrier,SUV,Diesel,Medium (50–200 km),99.94,0.84,118.89,14.06,13.2,-0.86,7.57,8.66,0.0867,20.288,0.203,0.6093,Average
410,Maruti Swift,Hatchback,Diesel,Long (200–400 km),335.82,3.42,98.2,18.28,17.29,-0.99,19.42,22.23,0.0662,52.046,0.155,0.6318,Average
411,Hyundai Verna,Sedan,Petrol,Medium (50–200 km),50.33,0.57,88.89,17.21,15.68,-1.53,3.21,4.06,0.0807,7.415,0.1473,0.6187,Average
412,Tata Tiago,Hatchback,Diesel,Very Long (>400 km),498.19,6.39,77.96,20.55,19.32,-1.23,25.78,29.51,0.0592,69.09,0.1387,0.706,Average
413,Mercedes C-Class,Luxury,Diesel,Very Long (>400 km),447.69,4.26,105.09,13.19,12.64,-0.55,35.41,40.53,0.0905,94.899,0.212,0.6726,Average
414,Kia Seltos,SUV,Hybrid,Medium (50–200 km),89.27,1.88,47.48,19.55,21.67,2.12,4.12,4.96,0.0556,8.24,0.0923,1.0,Excellent
415,Audi A6,Luxury,Hybrid,Long (200–400 km),373.3,5.69,65.6,14.7,14.68,-0.02,25.43,30.64,0.0821,50.86,0.1362,0.7809,Good
416,Maruti Alto,Hatchback,Hybrid,Long (200–400 km),364.34,3.91,93.15,24.8,25.6,0.8,14.23,17.14,0.047,28.46,0.0781,0.9354,Excellent
417,Kia Seltos,SUV,Hybrid,Long (200–400 km),228.94,2.79,82.01,19.73,20.98,1.25,10.91,13.14,0.0574,21.82,0.0953,0.9685,Excellent
418,BMW 5 Series,Luxury,Hybrid,Long (200–400 km),232.49,2.36,98.58,16.48,17.4,0.92,13.36,16.1,0.0693,26.72,0.1149,0.9258,Excellent
419,Toyota Yaris,Sedan,Petrol,Very Long (>400 km),418.37,5.71,73.25,15.2,15.97,0.77,26.19,33.13,0.0792,60.499,0.1446,0.6304,Average
420,BMW 5 Series,Luxury,Petrol,Long (200–400 km),254.19,4.51,56.34,10.16,9.91,-0.25,25.64,32.44,0.1276,59.228,0.233,0.5274,Poor
421,BMW 5 Series,Luxury,Hybrid,Medium (50–200 km),82.72,1.31,63.28,15.04,14.02,-1.02,5.9,7.11,0.086,11.8,0.1426,0.7459,Average
422,Hyundai Verna,Sedan,Diesel,Long (200–400 km),301.39,3.8,79.39,15.0,15.99,0.99,18.85,21.58,0.0716,50.518,0.1676,0.631,Average
423,Mercedes C-Class,Luxury,Diesel,Long (200–400 km),275.87,3.05,90.52,13.66,13.54,-0.12,20.37,23.32,0.0845,54.592,0.1979,0.7205,Average
424,Honda City,Sedan,Petrol,Medium (50–200 km),107.18,1.67,64.19,16.11,17.72,1.61,6.05,7.65,0.0714,13.976,0.1304,0.6991,Average
425,Maruti Ertiga,MUV,Diesel,Long (200–400 km),361.0,4.91,73.51,17.27,17.21,-0.06,20.98,24.01,0.0665,56.226,0.1558,0.9027,Excellent
426,Honda City,Sedan,Hybrid,Long (200–400 km),363.15,4.88,74.39,22.66,23.58,0.92,15.4,18.55,0.0511,30.8,0.0848,0.9306,Excellent
427,Toyota Innova,MUV,Petrol,Long (200–400 km),364.43,3.57,102.15,14.86,14.36,-0.5,25.38,32.11,0.0881,58.628,0.1609,0.7533,Good
428,BMW 5 Series,Luxury,Diesel,Medium (50–200 km),178.84,2.99,59.86,10.4,9.48,-0.92,18.87,21.6,0.1208,50.572,0.2828,0.5042,Poor
429,Kia Seltos,SUV,Diesel,Medium (50–200 km),121.8,2.06,59.12,14.93,15.62,0.69,7.8,8.93,0.0733,20.904,0.1716,0.7207,Average
430,Mahindra Marazzo,MUV,Petrol,Medium (50–200 km),195.73,4.05,48.29,11.94,11.47,-0.47,17.06,21.58,0.1103,39.409,0.2013,0.6019,Average
431,Kia Seltos,SUV,Diesel,Long (200–400 km),346.52,3.27,106.04,13.08,14.07,0.99,24.63,28.19,0.0814,66.008,0.1905,0.6493,Average
432,Hyundai Creta,SUV,Diesel,Short (<50 km),35.13,0.71,49.73,15.16,14.76,-0.4,2.38,2.72,0.0774,6.378,0.1816,0.6812,Average
433,Toyota Yaris,Sedan,Petrol,Very Long (>400 km),409.25,5.68,72.03,16.12,14.8,-1.32,27.66,34.99,0.0855,63.895,0.1561,0.5839,Average
434,Toyota Innova,MUV,Diesel,Very Long (>400 km),455.73,9.7,46.99,13.4,12.33,-1.07,36.97,42.32,0.0929,99.08,0.2174,0.6467,Average
435,Kia Carens,MUV,Petrol,Medium (50–200 km),158.79,1.37,116.18,14.17,15.57,1.4,10.2,12.9,0.0812,23.562,0.1484,0.8167,Good
436,Maruti Swift,Hatchback,Diesel,Medium (50–200 km),151.3,2.1,71.97,20.15,18.38,-1.77,8.23,9.42,0.0623,22.056,0.1458,0.6716,Average
437,Toyota Innova,MUV,Petrol,Short (<50 km),26.73,0.31,85.35,13.01,11.99,-1.02,2.23,2.82,0.1055,5.151,0.1927,0.6289,Average
438,Jaguar XF,Luxury,Petrol,Long (200–400 km),280.17,3.65,76.77,9.37,9.37,0.0,29.9,37.83,0.135,69.069,0.2465,0.4985,Poor
439,Toyota Innova,MUV,Diesel,Long (200–400 km),387.27,4.91,78.82,13.63,14.66,1.03,26.42,30.24,0.0781,70.806,0.1828,0.769,Good
440,Honda Brio,Hatchback,Petrol,Medium (50–200 km),122.26,1.38,88.62,15.86,17.29,1.43,7.07,8.94,0.0731,16.332,0.1336,0.6318,Average
441,Toyota Fortuner,SUV,Diesel,Short (<50 km),35.04,0.71,49.56,12.29,12.0,-0.29,2.92,3.34,0.0953,7.826,0.2233,0.5538,Average
442,Toyota Innova,MUV,Petrol,Medium (50–200 km),83.59,1.0,83.75,11.83,11.72,-0.11,7.13,9.02,0.1079,16.47,0.197,0.6151,Average
443,Honda City,Sedan,Petrol,Medium (50–200 km),67.63,1.43,47.26,17.27,18.13,0.86,3.73,4.72,0.0698,8.616,0.1274,0.7155,Average
444,Maruti Ertiga,MUV,Petrol,Long (200–400 km),319.11,4.66,68.49,11.41,10.78,-0.63,29.59,37.43,0.1173,68.353,0.2142,0.5658,Average
445,Toyota Innova,MUV,Petrol,Long (200–400 km),386.31,3.71,104.18,13.56,13.88,0.32,27.84,35.22,0.0912,64.31,0.1665,0.728,Average
446,Mahindra Marazzo,MUV,Diesel,Medium (50–200 km),97.21,1.01,96.03,13.22,12.58,-0.64,7.73,8.85,0.091,20.716,0.2131,0.6598,Average
447,Maruti Swift,Hatchback,Petrol,Long (200–400 km),247.78,3.6,68.92,19.07,19.63,0.56,12.62,15.97,0.0645,29.152,0.1177,0.7173,Average
448,Lexus ES,Luxury,Diesel,Very Long (>400 km),406.62,6.06,67.09,13.39,14.7,1.31,27.66,31.66,0.0779,74.129,0.1823,0.7821,Good
449,Toyota Yaris,Sedan,Petrol,Long (200–400 km),368.51,3.25,113.42,14.67,13.56,-1.11,27.18,34.38,0.0933,62.786,0.1704,0.535,Poor
450,Jaguar XF,Luxury,Diesel,Very Long (>400 km),489.6,4.81,101.85,11.34,12.3,0.96,39.79,45.54,0.093,106.637,0.2178,0.6546,Average
451,Honda City,Sedan,Petrol,Short (<50 km),36.88,0.56,65.85,15.3,15.18,-0.12,2.43,3.07,0.0832,5.613,0.1522,0.5989,Average
452,Maruti Ertiga,MUV,Petrol,Medium (50–200 km),177.8,2.86,62.25,12.79,13.65,0.86,13.03,16.48,0.0927,30.099,0.1693,0.7159,Average
453,MG Hector,SUV,Petrol,Long (200–400 km),338.74,5.74,59.0,11.03,11.06,0.03,30.64,38.76,0.1144,70.778,0.2089,0.5102,Poor
454,Honda Brio,Hatchback,Hybrid,Long (200–400 km),376.16,8.51,44.18,22.82,21.31,-1.51,17.65,21.27,0.0565,35.3,0.0938,0.7786,Good
455,Hyundai Verna,Sedan,Diesel,Long (200–400 km),225.86,4.1,55.12,15.92,16.64,0.72,13.57,15.53,0.0688,36.368,0.161,0.6568,Average
456,Hyundai i20,Hatchback,Diesel,Medium (50–200 km),114.07,0.99,115.5,19.97,18.22,-1.75,6.26,7.17,0.0629,16.777,0.1471,0.6657,Average
457,Hyundai i20,Hatchback,Hybrid,Medium (50–200 km),81.07,0.72,113.18,24.62,24.64,0.02,3.29,3.96,0.0488,6.58,0.0812,0.9003,Excellent
458,Tata Harrier,SUV,Diesel,Medium (50–200 km),117.0,2.4,48.81,14.69,15.04,0.35,7.78,8.9,0.0761,20.85,0.1782,0.6941,Average
459,MG Hector,SUV,Hybrid,Long (200–400 km),369.22,7.5,49.21,19.33,18.99,-0.34,19.44,23.42,0.0634,38.88,0.1053,0.8766,Good
460,Toyota Fortuner,SUV,Petrol,Long (200–400 km),279.04,6.04,46.2,11.0,12.18,1.18,22.91,28.98,0.1039,52.922,0.1897,0.5621,Average
461,Mahindra Marazzo,MUV,Diesel,Very Long (>400 km),404.88,5.24,77.31,16.5,16.97,0.47,23.86,27.31,0.0675,63.945,0.1579,0.8902,Good
462,Kia Seltos,SUV,Petrol,Medium (50–200 km),100.7,1.24,80.98,10.59,10.62,0.03,9.48,11.99,0.1191,21.899,0.2175,0.4902,Poor
463,MG Hector,SUV,Petrol,Long (200–400 km),279.3,6.34,44.03,14.73,16.14,1.41,17.3,21.89,0.0784,39.963,0.1431,0.7451,Average
464,Kia Carens,MUV,Petrol,Long (200–400 km),377.9,3.16,119.65,11.13,10.77,-0.36,35.08,44.38,0.1174,81.035,0.2144,0.5652,Average
465,Lexus ES,Luxury,Diesel,Medium (50–200 km),142.24,1.8,79.12,12.92,13.16,0.24,10.81,12.37,0.087,28.971,0.2037,0.7,Average
466,Kia Seltos,SUV,Hybrid,Medium (50–200 km),165.26,2.15,76.8,15.28,15.98,0.7,10.34,12.46,0.0754,20.68,0.1251,0.7376,Average
467,Tata Tiago,Hatchback,Hybrid,Very Long (>400 km),443.56,5.17,85.73,20.8,21.52,0.72,20.61,24.83,0.056,41.22,0.0929,0.7863,Good
468,Jaguar XF,Luxury,Petrol,Long (200–400 km),206.97,3.49,59.29,10.0,11.07,1.07,18.7,23.66,0.1143,43.197,0.2087,0.5888,Average
469,Toyota Fortuner,SUV,Diesel,Medium (50–200 km),68.45,1.22,55.92,13.03,11.84,-1.19,5.78,6.62,0.0967,15.49,0.2263,0.5466,Poor
470,Hyundai Creta,SUV,Diesel,Very Long (>400 km),461.9,9.73,47.49,12.62,11.57,-1.05,39.92,45.69,0.0989,106.986,0.2316,0.534,Poor
471,Maruti Ertiga,MUV,Petrol,Long (200–400 km),270.42,4.43,61.01,12.61,11.97,-0.64,22.59,28.58,0.1057,52.183,0.193,0.628,Average
472,Hyundai Verna,Sedan,Hybrid,Long (200–400 km),398.69,4.22,94.54,20.36,18.9,-1.46,21.1,25.42,0.0638,42.2,0.1058,0.7457,Average
473,BMW 5 Series,Luxury,Hybrid,Very Long (>400 km),405.52,7.76,52.27,17.59,18.07,0.48,22.44,27.04,0.0667,44.88,0.1107,0.9614,Excellent
474,Skoda Rapid,Sedan,Petrol,Very Long (>400 km),408.5,5.81,70.34,16.9,18.59,1.69,21.98,27.81,0.0681,50.774,0.1243,0.7334,Average
475,Mercedes C-Class,Luxury,Diesel,Long (200–400 km),394.73,5.54,71.22,13.82,13.61,-0.21,29.0,33.19,0.0841,77.72,0.1969,0.7241,Average
476,Maruti Ertiga,MUV,Petrol,Very Long (>400 km),486.6,9.23,52.73,13.22,13.61,0.39,35.74,45.21,0.0929,82.559,0.1697,0.7143,Average
477,Toyota Fortuner,SUV,Hybrid,Medium (50–200 km),123.45,2.14,57.69,19.47,18.62,-0.85,6.63,7.99,0.0647,13.26,0.1074,0.8593,Good
478,Honda Brio,Hatchback,Hybrid,Very Long (>400 km),402.76,4.13,97.61,23.03,25.11,2.08,16.04,19.33,0.048,32.08,0.0797,0.9174,Excellent
479,Tata Harrier,SUV,Hybrid,Short (<50 km),28.68,0.4,72.03,15.87,15.67,-0.2,1.83,2.2,0.0767,3.66,0.1276,0.7233,Average
480,Toyota Innova,MUV,Petrol,Very Long (>400 km),443.76,5.7,77.84,13.69,13.64,-0.05,32.54,41.17,0.0928,75.167,0.1694,0.7155,Average
481,Mercedes C-Class,Luxury,Petrol,Short (<50 km),44.41,0.41,109.08,9.85,10.16,0.31,4.37,5.53,0.1245,10.095,0.2273,0.5406,Poor
482,Maruti Ertiga,MUV,Petrol,Very Long (>400 km),465.62,10.29,45.25,14.76,14.62,-0.14,31.85,40.29,0.0865,73.574,0.158,0.767,Good
483,Skoda Rapid,Sedan,Hybrid,Long (200–400 km),311.26,2.88,107.96,23.43,23.23,-0.2,13.4,16.14,0.0519,26.8,0.0861,0.9167,Excellent
484,BMW 5 Series,Luxury,Hybrid,Long (200–400 km),362.53,6.41,56.6,15.05,14.85,-0.2,24.41,29.41,0.0811,48.82,0.1347,0.7901,Good
485,BMW 5 Series,Luxury,Petrol,Medium (50–200 km),60.87,0.95,64.24,9.73,9.28,-0.45,6.56,8.3,0.1364,15.154,0.249,0.4936,Poor
486,Skoda Rapid,Sedan,Hybrid,Long (200–400 km),355.2,5.59,63.5,23.03,22.26,-0.77,15.96,19.23,0.0541,31.92,0.0899,0.8783,Good
487,Maruti Ciaz,Sedan,Diesel,Long (200–400 km),322.97,6.08,53.09,15.09,14.89,-0.2,21.69,24.83,0.0769,58.129,0.18,0.5876,Average
488,Mercedes C-Class,Luxury,Hybrid,Long (200–400 km),272.45,2.6,104.7,12.08,12.42,0.34,21.93,26.42,0.097,43.86,0.161,0.6609,Average
489,Toyota Innova,MUV,Diesel,Medium (50–200 km),184.25,3.32,55.56,14.35,14.17,-0.18,13.0,14.88,0.0808,34.84,0.1891,0.7436,Average
490,Maruti Ciaz,Sedan,Petrol,Long (200–400 km),264.56,3.16,83.66,13.42,13.81,0.39,19.16,24.24,0.0916,44.26,0.1673,0.5449,Poor
491,Maruti Ciaz,Sedan,Petrol,Long (200–400 km),347.65,3.17,109.72,17.75,18.74,0.99,18.55,23.47,0.0675,42.85,0.1233,0.7396,Average
492,Maruti Alto,Hatchback,Hybrid,Long (200–400 km),264.18,4.44,59.45,21.93,20.9,-1.03,12.64,15.23,0.0577,25.28,0.0957,0.7636,Good
493,Maruti Alto,Hatchback,Diesel,Medium (50–200 km),138.78,1.51,91.62,19.84,19.25,-0.59,7.21,8.25,0.0594,19.323,0.1392,0.7032,Average
494,Toyota Fortuner,SUV,Hybrid,Very Long (>400 km),490.4,5.59,87.7,17.09,16.4,-0.69,29.9,36.02,0.0735,59.8,0.1219,0.757,Good
495,Tata Harrier,SUV,Hybrid,Long (200–400 km),293.23,2.58,113.66,17.59,16.09,-1.5,18.23,21.96,0.0749,36.46,0.1243,0.7424,Average
496,Honda Brio,Hatchback,Petrol,Long (200–400 km),343.33,7.6,45.19,19.6,19.73,0.13,17.4,22.01,0.0641,40.194,0.1171,0.7209,Average
497,Honda Brio,Hatchback,Diesel,Medium (50–200 km),143.32,1.38,104.06,19.88,19.37,-0.51,7.4,8.47,0.0591,19.832,0.1384,0.7076,Average
498,Maruti Swift,Hatchback,Diesel,Medium (50–200 km),112.49,1.27,88.51,20.66,19.95,-0.71,5.64,6.46,0.0574,15.115,0.1344,0.7287,Average
499,Honda Brio,Hatchback,Petrol,Very Long (>400 km),417.25,3.55,117.43,18.59,17.25,-1.34,24.19,30.6,0.0733,55.879,0.1339,0.6302,Average
500,BMW 5 Series,Luxury,Petrol,Long (200–400 km),329.89,2.96,111.36,10.12,9.67,-0.45,34.11,43.15,0.1308,78.794,0.2388,0.5145,Poor
501,Toyota Fortuner,SUV,Diesel,Very Long (>400 km),419.93,5.66,74.14,14.97,14.54,-0.43,28.88,33.06,0.0787,77.398,0.1843,0.6711,Average
502,Toyota Innova,MUV,Petrol,Very Long (>400 km),495.51,7.96,62.23,13.54,13.54,0.0,36.6,46.3,0.0934,84.546,0.1706,0.7103,Average
503,Mahindra Marazzo,MUV,Diesel,Very Long (>400 km),402.22,4.64,86.65,15.2,13.92,-1.28,28.89,33.07,0.0822,77.425,0.1925,0.7304,Average
504,Toyota Fortuner,SUV,Diesel,Very Long (>400 km),471.53,10.76,43.82,13.65,14.07,0.42,33.51,38.35,0.0813,89.807,0.1905,0.6494,Average
505,Toyota Innova,MUV,Petrol,Medium (50–200 km),169.28,1.53,110.87,12.58,11.93,-0.65,14.19,17.95,0.106,32.779,0.1936,0.6259,Average
506,Hyundai Verna,Sedan,Hybrid,Very Long (>400 km),445.97,8.75,50.98,21.54,22.27,0.73,20.03,24.13,0.0541,40.06,0.0898,0.8786,Good
507,Maruti Swift,Hatchback,Diesel,Medium (50–200 km),148.78,1.7,87.26,20.92,20.02,-0.9,7.43,8.5,0.0571,19.912,0.1338,0.7316,Average
508,MG Hector,SUV,Diesel,Medium (50–200 km),56.26,0.63,89.43,15.53,15.04,-0.49,3.74,4.28,0.0761,10.023,0.1782,0.6943,Average
509,Tata Tiago,Hatchback,Diesel,Long (200–400 km),335.27,6.0,55.86,18.5,19.92,1.42,16.83,19.26,0.0574,45.104,0.1345,0.7278,Average
510,Honda City,Sedan,Hybrid,Medium (50–200 km),50.53,0.6,84.14,22.36,20.97,-1.39,2.41,2.9,0.0574,4.82,0.0954,0.8274,Good
511,Honda City,Sedan,Petrol,Long (200–400 km),366.19,6.27,58.43,13.16,12.69,-0.47,28.85,36.5,0.0997,66.644,0.182,0.5009,Poor
512,Hyundai i20,Hatchback,Diesel,Long (200–400 km),253.64,2.64,96.19,21.8,20.36,-1.44,12.46,14.26,0.0562,33.393,0.1317,0.7437,Average
513,Hyundai Creta,SUV,Hybrid,Long (200–400 km),387.85,4.19,92.64,16.31,15.32,-0.99,25.32,30.51,0.0787,50.64,0.1306,0.707,Average
514,Kia Seltos,SUV,Petrol,Long (200–400 km),381.81,4.25,89.76,13.57,13.46,-0.11,28.36,35.88,0.094,65.512,0.1716,0.6213,Average
515,Mahindra Marazzo,MUV,Petrol,Long (200–400 km),251.6,2.8,89.81,13.91,15.43,1.52,16.31,20.63,0.082,37.676,0.1497,0.8093,Good
516,Honda City,Sedan,Hybrid,Medium (50–200 km),152.94,3.38,45.26,20.97,20.15,-0.82,7.59,9.14,0.0598,15.18,0.0993,0.7952,Good
517,Honda Brio,Hatchback,Petrol,Very Long (>400 km),447.83,6.14,72.91,19.83,21.35,1.52,20.98,26.54,0.0593,48.464,0.1082,0.7798,Good
518,Honda City,Sedan,Petrol,Very Long (>400 km),492.03,4.59,107.29,17.81,19.63,1.82,25.06,31.7,0.0644,57.889,0.1177,0.7748,Good
519,MG Hector,SUV,Hybrid,Very Long (>400 km),459.27,4.24,108.36,16.43,15.85,-0.58,28.97,34.9,0.076,57.94,0.1262,0.7317,Average
520,Honda Brio,Hatchback,Diesel,Medium (50–200 km),131.79,1.22,107.63,21.2,20.28,-0.92,6.5,7.44,0.0565,17.42,0.1322,0.7407,Average
521,Maruti Alto,Hatchback,Hybrid,Medium (50–200 km),121.66,1.18,103.4,23.69,25.29,1.6,4.81,5.8,0.0477,9.62,0.0791,0.9241,Excellent
522,Jaguar XF,Luxury,Petrol,Long (200–400 km),373.02,8.04,46.4,11.99,12.34,0.35,30.23,38.24,0.1025,69.831,0.1872,0.6564,Average
523,Audi A6,Luxury,Diesel,Very Long (>400 km),464.57,11.41,40.73,10.93,11.95,1.02,38.89,44.51,0.0958,104.225,0.2243,0.6355,Average
524,Tata Harrier,SUV,Diesel,Long (200–400 km),240.77,2.72,88.56,14.0,14.93,0.93,16.13,18.46,0.0767,43.228,0.1795,0.6889,Average
525,Maruti Alto,Hatchback,Petrol,Long (200–400 km),269.13,2.27,118.34,19.84,19.09,-0.75,14.1,17.84,0.0663,32.571,0.121,0.6973,Average
526,Hyundai i20,Hatchback,Hybrid,Long (200–400 km),232.19,3.48,66.73,21.2,21.11,-0.09,11.0,13.25,0.0571,22.0,0.0947,0.7712,Good
527,Maruti Ertiga,MUV,Petrol,Short (<50 km),32.43,0.52,62.82,11.03,10.92,-0.11,2.97,3.76,0.1159,6.861,0.2116,0.5729,Average
528,BMW 5 Series,Luxury,Petrol,Medium (50–200 km),175.29,3.2,54.71,11.53,11.35,-0.18,15.44,19.53,0.1114,35.666,0.2035,0.604,Average
529,Lexus ES,Luxury,Diesel,Long (200–400 km),334.88,4.98,67.29,12.79,12.19,-0.6,27.48,31.45,0.0939,73.646,0.2199,0.6483,Average
530,Renault Triber,MUV,Petrol,Long (200–400 km),325.67,2.76,117.98,11.31,10.62,-0.69,30.66,38.79,0.1191,70.825,0.2175,0.5573,Average
531,Mahindra Marazzo,MUV,Petrol,Very Long (>400 km),443.22,3.84,115.35,12.48,11.91,-0.57,37.21,47.07,0.1062,85.955,0.1939,0.6249,Average
532,Toyota Innova,MUV,Diesel,Long (200–400 km),245.94,5.6,43.93,16.35,17.42,1.07,14.12,16.16,0.0657,37.842,0.1539,0.9138,Excellent
533,Tata Harrier,SUV,Petrol,Long (200–400 km),204.33,1.89,108.35,12.27,11.69,-0.58,17.48,22.11,0.1082,40.379,0.1976,0.5395,Poor
534,Mahindra Marazzo,MUV,Diesel,Long (200–400 km),299.16,3.62,82.68,16.85,16.53,-0.32,18.1,20.72,0.0693,48.508,0.1621,0.8671,Good
535,Toyota Innova,MUV,Diesel,Long (200–400 km),247.87,4.09,60.67,17.04,16.01,-1.03,15.48,17.72,0.0715,41.486,0.1674,0.8401,Good
536,Mahindra Marazzo,MUV,Diesel,Long (200–400 km),386.77,6.46,59.82,16.91,18.64,1.73,20.75,23.75,0.0614,55.61,0.1438,0.9779,Excellent
537,Honda City,Sedan,Diesel,Medium (50–200 km),198.21,2.47,80.14,18.31,17.53,-0.78,11.31,12.95,0.0653,30.311,0.1529,0.6916,Average
538,Mercedes C-Class,Luxury,Diesel,Long (200–400 km),388.24,3.3,117.82,11.94,12.48,0.54,31.12,35.62,0.0917,83.402,0.2148,0.6637,Average
539,Tata Harrier,SUV,Diesel,Very Long (>400 km),412.54,4.91,83.95,14.97,13.79,-1.18,29.92,34.25,0.083,80.186,0.1944,0.6364,Average
540,Maruti Swift,Hatchback,Diesel,Very Long (>400 km),455.3,5.23,86.99,18.28,19.93,1.65,22.84,26.14,0.0574,61.211,0.1344,0.7283,Average
541,Mahindra Marazzo,MUV,Diesel,Long (200–400 km),308.95,3.23,95.8,16.78,18.28,1.5,16.9,19.34,0.0626,45.292,0.1466,0.9591,Excellent
542,MG Hector,SUV,Hybrid,Very Long (>400 km),450.2,4.75,94.86,16.32,15.22,-1.1,29.57,35.63,0.0791,59.14,0.1314,0.7027,Average
543,Hyundai Verna,Sedan,Diesel,Medium (50–200 km),134.9,1.84,73.44,16.6,17.47,0.87,7.72,8.84,0.0655,20.69,0.1534,0.6896,Average
544,Hyundai Verna,Sedan,Petrol,Medium (50–200 km),192.32,1.84,104.67,14.48,14.82,0.34,12.98,16.42,0.0854,29.984,0.1559,0.5847,Average
545,Jaguar XF,Luxury,Hybrid,Medium (50–200 km),179.36,1.8,99.56,13.83,14.87,1.04,12.06,14.53,0.081,24.12,0.1345,0.7912,Good
546,Tata Tiago,Hatchback,Diesel,Medium (50–200 km),50.36,1.0,50.54,21.49,20.06,-1.43,2.51,2.87,0.057,6.727,0.1336,0.733,Average
547,BMW 5 Series,Luxury,Diesel,Medium (50–200 km),131.93,1.21,109.15,12.22,12.71,0.49,10.38,11.88,0.09,27.818,0.2109,0.6762,Average
548,Mercedes C-Class,Luxury,Petrol,Medium (50–200 km),188.82,2.26,83.48,8.06,8.82,0.76,21.41,27.08,0.1434,49.457,0.2619,0.4692,Poor
549,Kia Seltos,SUV,Diesel,Very Long (>400 km),405.54,4.77,84.95,12.87,12.28,-0.59,33.03,37.81,0.0932,88.52,0.2183,0.5667,Average
550,Kia Seltos,SUV,Petrol,Long (200–400 km),203.59,3.16,64.36,11.78,13.02,1.24,15.64,19.79,0.0972,36.128,0.1775,0.6008,Average
551,Maruti Ertiga,MUV,Petrol,Very Long (>400 km),428.61,4.13,103.88,12.21,12.81,0.6,33.47,42.34,0.0988,77.316,0.1804,0.6718,Average
552,Hyundai Creta,SUV,Petrol,Long (200–400 km),230.56,4.01,57.46,10.49,11.33,0.84,20.35,25.74,0.1116,47.009,0.2039,0.5229,Poor
553,Honda Brio,Hatchback,Diesel,Long (200–400 km),303.82,2.74,110.95,18.36,17.03,-1.33,17.84,20.42,0.0672,47.811,0.1574,0.6222,Average
554,Mercedes C-Class,Luxury,Petrol,Long (200–400 km),397.56,9.61,41.38,10.38,10.28,-0.1,38.67,48.92,0.1231,89.328,0.2247,0.5469,Poor
555,Skoda Rapid,Sedan,Diesel,Medium (50–200 km),127.33,1.11,114.68,17.37,17.93,0.56,7.1,8.13,0.0638,19.028,0.1494,0.7077,Average
556,Toyota Innova,MUV,Petrol,Medium (50–200 km),105.38,0.95,111.08,13.25,13.41,0.16,7.86,9.94,0.0943,18.157,0.1723,0.7034,Average
557,Maruti Alto,Hatchback,Diesel,Long (200–400 km),326.86,3.02,108.28,18.45,17.62,-0.83,18.55,21.23,0.065,49.714,0.1521,0.6438,Average
558,Maruti Ciaz,Sedan,Petrol,Long (200–400 km),215.79,3.43,62.99,15.17,15.0,-0.17,14.39,18.2,0.0843,33.241,0.154,0.5918,Average
559,Maruti Alto,Hatchback,Hybrid,Long (200–400 km),235.8,2.2,106.95,20.43,20.14,-0.29,11.71,14.11,0.0598,23.42,0.0993,0.7357,Average
560,Tata Tiago,Hatchback,Petrol,Long (200–400 km),308.88,6.84,45.16,16.4,14.99,-1.41,20.61,26.07,0.0844,47.609,0.1541,0.5475,Poor
561,Jaguar XF,Luxury,Diesel,Long (200–400 km),313.15,5.12,61.14,13.9,14.52,0.62,21.57,24.69,0.0788,57.808,0.1846,0.7723,Good
562,Jaguar XF,Luxury,Diesel,Long (200–400 km),226.32,3.59,62.98,10.2,9.74,-0.46,23.24,26.6,0.1175,62.283,0.2752,0.5181,Poor
563,Mercedes C-Class,Luxury,Hybrid,Medium (50–200 km),86.38,1.17,74.09,17.94,17.74,-0.2,4.87,5.87,0.068,9.74,0.1128,0.9436,Excellent
564,Maruti Ertiga,MUV,Diesel,Long (200–400 km),393.6,3.41,115.3,16.65,15.52,-1.13,25.36,29.03,0.0738,67.965,0.1727,0.8143,Good
565,Hyundai i20,Hatchback,Diesel,Medium (50–200 km),165.68,2.31,71.88,19.64,20.38,0.74,8.13,9.31,0.0562,21.788,0.1315,0.7445,Average
566,Honda Brio,Hatchback,Hybrid,Medium (50–200 km),67.06,0.82,82.15,24.99,27.37,2.38,2.45,2.95,0.044,4.9,0.0731,1.0,Excellent
567,Toyota Fortuner,SUV,Diesel,Long (200–400 km),227.96,2.19,103.98,13.46,12.84,-0.62,17.75,20.32,0.0891,47.57,0.2087,0.5927,Average
568,Hyundai Verna,Sedan,Petrol,Long (200–400 km),391.52,8.86,44.17,15.82,17.53,1.71,22.33,28.25,0.0722,51.582,0.1317,0.6919,Average
569,Kia Carens,MUV,Diesel,Short (<50 km),46.26,0.56,82.84,15.39,14.15,-1.24,3.27,3.74,0.0808,8.764,0.1895,0.7422,Average
570,MG Hector,SUV,Petrol,Long (200–400 km),269.76,2.29,118.02,14.05,12.85,-1.2,20.99,26.55,0.0984,48.487,0.1797,0.5931,Average
571,Hyundai Verna,Sedan,Diesel,Medium (50–200 km),79.73,0.68,116.98,15.3,15.98,0.68,4.99,5.71,0.0716,13.373,0.1677,0.6305,Average
572,Skoda Rapid,Sedan,Petrol,Very Long (>400 km),460.89,4.1,112.33,14.94,16.04,1.1,28.73,36.35,0.0789,66.366,0.144,0.6331,Average
573,MG Hector,SUV,Hybrid,Long (200–400 km),301.09,3.45,87.31,15.8,15.13,-0.67,19.9,23.98,0.0796,39.8,0.1322,0.6983,Average
574,Maruti Ciaz,Sedan,Diesel,Very Long (>400 km),421.98,6.51,64.79,17.57,17.55,-0.02,24.05,27.53,0.0652,64.454,0.1527,0.6924,Average
575,Toyota Innova,MUV,Diesel,Long (200–400 km),351.12,3.98,88.2,15.16,16.45,1.29,21.34,24.43,0.0696,57.191,0.1629,0.8632,Good
576,BMW 5 Series,Luxury,Hybrid,Very Long (>400 km),456.6,5.03,90.71,16.41,17.95,1.54,25.44,30.65,0.0671,50.88,0.1114,0.9548,Excellent
577,Hyundai i20,Hatchback,Hybrid,Long (200–400 km),275.53,4.29,64.27,24.07,24.6,0.53,11.2,13.49,0.049,22.4,0.0813,0.8988,Good
578,Skoda Rapid,Sedan,Diesel,Medium (50–200 km),146.71,1.98,74.2,17.89,17.1,-0.79,8.58,9.82,0.0669,22.994,0.1567,0.6748,Average
579,Hyundai Verna,Sedan,Hybrid,Medium (50–200 km),106.71,1.35,78.85,21.04,20.21,-0.83,5.28,6.36,0.0596,10.56,0.099,0.7975,Good
580,Mercedes C-Class,Luxury,Petrol,Medium (50–200 km),174.41,2.26,77.24,8.04,7.38,-0.66,23.62,29.88,0.1713,54.562,0.3128,0.3928,Poor
581,Toyota Fortuner,SUV,Diesel,Very Long (>400 km),424.15,5.39,78.63,12.83,12.43,-0.4,34.12,39.05,0.0921,91.442,0.2156,0.5737,Average
582,Maruti Alto,Hatchback,Hybrid,Long (200–400 km),204.11,2.57,79.34,22.39,20.74,-1.65,9.84,11.86,0.0581,19.68,0.0964,0.7578,Good
583,Hyundai Verna,Sedan,Diesel,Long (200–400 km),222.45,3.81,58.38,19.01,20.22,1.21,11.0,12.59,0.0566,29.48,0.1325,0.798,Good
584,Mahindra Marazzo,MUV,Diesel,Long (200–400 km),387.33,5.65,68.5,16.22,16.98,0.76,22.81,26.11,0.0674,61.131,0.1578,0.8909,Good
585,Toyota Fortuner,SUV,Petrol,Medium (50–200 km),53.45,1.2,44.66,12.42,11.45,-0.97,4.67,5.91,0.1106,10.788,0.2018,0.5282,Poor
586,Jaguar XF,Luxury,Hybrid,Long (200–400 km),202.1,1.79,112.87,14.28,13.96,-0.32,14.48,17.45,0.0863,28.96,0.1433,0.7425,Average
587,Kia Carens,MUV,Diesel,Very Long (>400 km),428.25,3.89,110.23,13.24,13.11,-0.13,32.66,37.38,0.0873,87.529,0.2044,0.6879,Average
588,BMW 5 Series,Luxury,Petrol,Long (200–400 km),355.07,3.9,91.05,9.53,9.88,0.35,35.93,45.45,0.128,82.998,0.2338,0.5257,Poor
589,Audi A6,Luxury,Hybrid,Short (<50 km),45.66,0.6,75.66,14.56,16.02,1.46,2.85,3.43,0.0751,5.7,0.1248,0.8523,Good
590,Kia Carens,MUV,Petrol,Very Long (>400 km),409.74,3.75,109.37,12.53,12.11,-0.42,33.83,42.8,0.1045,78.147,0.1907,0.6354,Average
591,Toyota Innova,MUV,Petrol,Very Long (>400 km),443.47,8.57,51.76,13.27,12.73,-0.54,34.84,44.07,0.0994,80.48,0.1815,0.6678,Average
592,Skoda Rapid,Sedan,Petrol,Short (<50 km),23.41,0.22,105.55,15.37,15.82,0.45,1.48,1.87,0.0799,3.419,0.146,0.6242,Average
593,Tata Harrier,SUV,Petrol,Long (200–400 km),264.29,4.03,65.52,11.46,10.48,-0.98,25.22,31.9,0.1207,58.258,0.2204,0.4836,Poor
594,Renault Triber,MUV,Petrol,Medium (50–200 km),80.7,0.75,107.4,14.48,14.89,0.41,5.42,6.86,0.085,12.52,0.1551,0.7811,Good
595,Toyota Innova,MUV,Diesel,Long (200–400 km),282.38,3.77,74.88,16.01,15.25,-0.76,18.52,21.2,0.0751,49.634,0.1758,0.7999,Good
596,Tata Tiago,Hatchback,Diesel,Medium (50–200 km),113.18,1.36,82.93,18.53,17.05,-1.48,6.64,7.6,0.0671,17.795,0.1572,0.6227,Average
597,Honda Brio,Hatchback,Diesel,Long (200–400 km),226.13,2.91,77.66,19.89,21.35,1.46,10.59,12.12,0.0536,28.381,0.1255,0.7801,Good
598,Audi A6,Luxury,Petrol,Medium (50–200 km),60.02,0.53,114.28,8.96,8.83,-0.13,6.8,8.6,0.1433,15.708,0.2617,0.4696,Poor
599,Maruti Swift,Hatchback,Diesel,Very Long (>400 km),414.0,7.03,58.91,21.65,20.97,-0.68,19.74,22.59,0.0546,52.903,0.1278,0.7662,Good
600,Tata Harrier,SUV,Petrol,Medium (50–200 km),188.31,2.68,70.14,11.84,11.76,-0.08,16.01,20.25,0.1075,36.983,0.1964,0.5428,Poor
